-- --------------------------------------------------------
-- 호스트:                          project-mnm-matching-db.ctixol1fxh7r.ap-northeast-2.rds.amazonaws.com
-- 서버 버전:                        8.0.23 - Source distribution
-- 서버 OS:                        Linux
-- HeidiSQL 버전:                  10.2.0.5599
-- --------------------------------------------------------

/*!40101 SET @OLD_CHARACTER_SET_CLIENT=@@CHARACTER_SET_CLIENT */;
/*!40101 SET NAMES utf8 */;
/*!50503 SET NAMES utf8mb4 */;
/*!40014 SET @OLD_FOREIGN_KEY_CHECKS=@@FOREIGN_KEY_CHECKS, FOREIGN_KEY_CHECKS=0 */;
/*!40101 SET @OLD_SQL_MODE=@@SQL_MODE, SQL_MODE='NO_AUTO_VALUE_ON_ZERO' */;


-- matching 데이터베이스 구조 내보내기
CREATE DATABASE IF NOT EXISTS `matching` /*!40100 DEFAULT CHARACTER SET utf8mb4 COLLATE utf8mb4_0900_ai_ci */ /*!80016 DEFAULT ENCRYPTION='N' */;
USE `matching`;

-- 테이블 matching.auth_group 구조 내보내기
CREATE TABLE IF NOT EXISTS `auth_group` (
  `id` int NOT NULL AUTO_INCREMENT,
  `name` varchar(150) NOT NULL,
  PRIMARY KEY (`id`),
  UNIQUE KEY `name` (`name`)
) ENGINE=InnoDB DEFAULT CHARSET=utf8mb4 COLLATE=utf8mb4_0900_ai_ci;

-- 테이블 데이터 matching.auth_group:~0 rows (대략적) 내보내기
/*!40000 ALTER TABLE `auth_group` DISABLE KEYS */;
/*!40000 ALTER TABLE `auth_group` ENABLE KEYS */;

-- 테이블 matching.auth_group_permissions 구조 내보내기
CREATE TABLE IF NOT EXISTS `auth_group_permissions` (
  `id` int NOT NULL AUTO_INCREMENT,
  `group_id` int NOT NULL,
  `permission_id` int NOT NULL,
  PRIMARY KEY (`id`),
  UNIQUE KEY `auth_group_permissions_group_id_permission_id_0cd325b0_uniq` (`group_id`,`permission_id`),
  KEY `auth_group_permissio_permission_id_84c5c92e_fk_auth_perm` (`permission_id`),
  CONSTRAINT `auth_group_permissio_permission_id_84c5c92e_fk_auth_perm` FOREIGN KEY (`permission_id`) REFERENCES `auth_permission` (`id`),
  CONSTRAINT `auth_group_permissions_group_id_b120cbf9_fk_auth_group_id` FOREIGN KEY (`group_id`) REFERENCES `auth_group` (`id`)
) ENGINE=InnoDB DEFAULT CHARSET=utf8mb4 COLLATE=utf8mb4_0900_ai_ci;

-- 테이블 데이터 matching.auth_group_permissions:~0 rows (대략적) 내보내기
/*!40000 ALTER TABLE `auth_group_permissions` DISABLE KEYS */;
/*!40000 ALTER TABLE `auth_group_permissions` ENABLE KEYS */;

-- 테이블 matching.auth_permission 구조 내보내기
CREATE TABLE IF NOT EXISTS `auth_permission` (
  `id` int NOT NULL AUTO_INCREMENT,
  `name` varchar(255) NOT NULL,
  `content_type_id` int NOT NULL,
  `codename` varchar(100) NOT NULL,
  PRIMARY KEY (`id`),
  UNIQUE KEY `auth_permission_content_type_id_codename_01ab375a_uniq` (`content_type_id`,`codename`),
  CONSTRAINT `auth_permission_content_type_id_2f476e4b_fk_django_co` FOREIGN KEY (`content_type_id`) REFERENCES `django_content_type` (`id`)
) ENGINE=InnoDB AUTO_INCREMENT=37 DEFAULT CHARSET=utf8mb4 COLLATE=utf8mb4_0900_ai_ci;

-- 테이블 데이터 matching.auth_permission:~36 rows (대략적) 내보내기
/*!40000 ALTER TABLE `auth_permission` DISABLE KEYS */;
INSERT INTO `auth_permission` (`id`, `name`, `content_type_id`, `codename`) VALUES
	(1, 'Can add user', 1, 'add_user'),
	(2, 'Can change user', 1, 'change_user'),
	(3, 'Can delete user', 1, 'delete_user'),
	(4, 'Can view user', 1, 'view_user'),
	(5, 'Can add matching result', 2, 'add_matchingresult'),
	(6, 'Can change matching result', 2, 'change_matchingresult'),
	(7, 'Can delete matching result', 2, 'delete_matchingresult'),
	(8, 'Can view matching result', 2, 'view_matchingresult'),
	(9, 'Can add matching info', 3, 'add_matchinginfo'),
	(10, 'Can change matching info', 3, 'change_matchinginfo'),
	(11, 'Can delete matching info', 3, 'delete_matchinginfo'),
	(12, 'Can view matching info', 3, 'view_matchinginfo'),
	(13, 'Can add log entry', 4, 'add_logentry'),
	(14, 'Can change log entry', 4, 'change_logentry'),
	(15, 'Can delete log entry', 4, 'delete_logentry'),
	(16, 'Can view log entry', 4, 'view_logentry'),
	(17, 'Can add permission', 5, 'add_permission'),
	(18, 'Can change permission', 5, 'change_permission'),
	(19, 'Can delete permission', 5, 'delete_permission'),
	(20, 'Can view permission', 5, 'view_permission'),
	(21, 'Can add group', 6, 'add_group'),
	(22, 'Can change group', 6, 'change_group'),
	(23, 'Can delete group', 6, 'delete_group'),
	(24, 'Can view group', 6, 'view_group'),
	(25, 'Can add user', 7, 'add_user'),
	(26, 'Can change user', 7, 'change_user'),
	(27, 'Can delete user', 7, 'delete_user'),
	(28, 'Can view user', 7, 'view_user'),
	(29, 'Can add content type', 8, 'add_contenttype'),
	(30, 'Can change content type', 8, 'change_contenttype'),
	(31, 'Can delete content type', 8, 'delete_contenttype'),
	(32, 'Can view content type', 8, 'view_contenttype'),
	(33, 'Can add session', 9, 'add_session'),
	(34, 'Can change session', 9, 'change_session'),
	(35, 'Can delete session', 9, 'delete_session'),
	(36, 'Can view session', 9, 'view_session');
/*!40000 ALTER TABLE `auth_permission` ENABLE KEYS */;

-- 테이블 matching.auth_user 구조 내보내기
CREATE TABLE IF NOT EXISTS `auth_user` (
  `id` int NOT NULL AUTO_INCREMENT,
  `password` varchar(128) NOT NULL,
  `last_login` datetime(6) DEFAULT NULL,
  `is_superuser` tinyint(1) NOT NULL,
  `username` varchar(150) NOT NULL,
  `first_name` varchar(150) NOT NULL,
  `last_name` varchar(150) NOT NULL,
  `email` varchar(254) NOT NULL,
  `is_staff` tinyint(1) NOT NULL,
  `is_active` tinyint(1) NOT NULL,
  `date_joined` datetime(6) NOT NULL,
  PRIMARY KEY (`id`),
  UNIQUE KEY `username` (`username`)
) ENGINE=InnoDB DEFAULT CHARSET=utf8mb4 COLLATE=utf8mb4_0900_ai_ci;

-- 테이블 데이터 matching.auth_user:~0 rows (대략적) 내보내기
/*!40000 ALTER TABLE `auth_user` DISABLE KEYS */;
/*!40000 ALTER TABLE `auth_user` ENABLE KEYS */;

-- 테이블 matching.auth_user_groups 구조 내보내기
CREATE TABLE IF NOT EXISTS `auth_user_groups` (
  `id` int NOT NULL AUTO_INCREMENT,
  `user_id` int NOT NULL,
  `group_id` int NOT NULL,
  PRIMARY KEY (`id`),
  UNIQUE KEY `auth_user_groups_user_id_group_id_94350c0c_uniq` (`user_id`,`group_id`),
  KEY `auth_user_groups_group_id_97559544_fk_auth_group_id` (`group_id`),
  CONSTRAINT `auth_user_groups_group_id_97559544_fk_auth_group_id` FOREIGN KEY (`group_id`) REFERENCES `auth_group` (`id`),
  CONSTRAINT `auth_user_groups_user_id_6a12ed8b_fk_auth_user_id` FOREIGN KEY (`user_id`) REFERENCES `auth_user` (`id`)
) ENGINE=InnoDB DEFAULT CHARSET=utf8mb4 COLLATE=utf8mb4_0900_ai_ci;

-- 테이블 데이터 matching.auth_user_groups:~0 rows (대략적) 내보내기
/*!40000 ALTER TABLE `auth_user_groups` DISABLE KEYS */;
/*!40000 ALTER TABLE `auth_user_groups` ENABLE KEYS */;

-- 테이블 matching.auth_user_user_permissions 구조 내보내기
CREATE TABLE IF NOT EXISTS `auth_user_user_permissions` (
  `id` int NOT NULL AUTO_INCREMENT,
  `user_id` int NOT NULL,
  `permission_id` int NOT NULL,
  PRIMARY KEY (`id`),
  UNIQUE KEY `auth_user_user_permissions_user_id_permission_id_14a6b632_uniq` (`user_id`,`permission_id`),
  KEY `auth_user_user_permi_permission_id_1fbb5f2c_fk_auth_perm` (`permission_id`),
  CONSTRAINT `auth_user_user_permi_permission_id_1fbb5f2c_fk_auth_perm` FOREIGN KEY (`permission_id`) REFERENCES `auth_permission` (`id`),
  CONSTRAINT `auth_user_user_permissions_user_id_a95ead1b_fk_auth_user_id` FOREIGN KEY (`user_id`) REFERENCES `auth_user` (`id`)
) ENGINE=InnoDB DEFAULT CHARSET=utf8mb4 COLLATE=utf8mb4_0900_ai_ci;

-- 테이블 데이터 matching.auth_user_user_permissions:~0 rows (대략적) 내보내기
/*!40000 ALTER TABLE `auth_user_user_permissions` DISABLE KEYS */;
/*!40000 ALTER TABLE `auth_user_user_permissions` ENABLE KEYS */;

-- 테이블 matching.django_admin_log 구조 내보내기
CREATE TABLE IF NOT EXISTS `django_admin_log` (
  `id` int NOT NULL AUTO_INCREMENT,
  `action_time` datetime(6) NOT NULL,
  `object_id` longtext,
  `object_repr` varchar(200) NOT NULL,
  `action_flag` smallint unsigned NOT NULL,
  `change_message` longtext NOT NULL,
  `content_type_id` int DEFAULT NULL,
  `user_id` int NOT NULL,
  PRIMARY KEY (`id`),
  KEY `django_admin_log_content_type_id_c4bce8eb_fk_django_co` (`content_type_id`),
  KEY `django_admin_log_user_id_c564eba6_fk_auth_user_id` (`user_id`),
  CONSTRAINT `django_admin_log_content_type_id_c4bce8eb_fk_django_co` FOREIGN KEY (`content_type_id`) REFERENCES `django_content_type` (`id`),
  CONSTRAINT `django_admin_log_user_id_c564eba6_fk_auth_user_id` FOREIGN KEY (`user_id`) REFERENCES `auth_user` (`id`),
  CONSTRAINT `django_admin_log_chk_1` CHECK ((`action_flag` >= 0))
) ENGINE=InnoDB DEFAULT CHARSET=utf8mb4 COLLATE=utf8mb4_0900_ai_ci;

-- 테이블 데이터 matching.django_admin_log:~0 rows (대략적) 내보내기
/*!40000 ALTER TABLE `django_admin_log` DISABLE KEYS */;
/*!40000 ALTER TABLE `django_admin_log` ENABLE KEYS */;

-- 테이블 matching.django_content_type 구조 내보내기
CREATE TABLE IF NOT EXISTS `django_content_type` (
  `id` int NOT NULL AUTO_INCREMENT,
  `app_label` varchar(100) NOT NULL,
  `model` varchar(100) NOT NULL,
  PRIMARY KEY (`id`),
  UNIQUE KEY `django_content_type_app_label_model_76bd3d3b_uniq` (`app_label`,`model`)
) ENGINE=InnoDB AUTO_INCREMENT=10 DEFAULT CHARSET=utf8mb4 COLLATE=utf8mb4_0900_ai_ci;

-- 테이블 데이터 matching.django_content_type:~9 rows (대략적) 내보내기
/*!40000 ALTER TABLE `django_content_type` DISABLE KEYS */;
INSERT INTO `django_content_type` (`id`, `app_label`, `model`) VALUES
	(4, 'admin', 'logentry'),
	(6, 'auth', 'group'),
	(5, 'auth', 'permission'),
	(7, 'auth', 'user'),
	(8, 'contenttypes', 'contenttype'),
	(3, 'matching', 'matchinginfo'),
	(2, 'matching', 'matchingresult'),
	(1, 'matching', 'user'),
	(9, 'sessions', 'session');
/*!40000 ALTER TABLE `django_content_type` ENABLE KEYS */;

-- 테이블 matching.django_migrations 구조 내보내기
CREATE TABLE IF NOT EXISTS `django_migrations` (
  `id` int NOT NULL AUTO_INCREMENT,
  `app` varchar(255) NOT NULL,
  `name` varchar(255) NOT NULL,
  `applied` datetime(6) NOT NULL,
  PRIMARY KEY (`id`)
) ENGINE=InnoDB AUTO_INCREMENT=22 DEFAULT CHARSET=utf8mb4 COLLATE=utf8mb4_0900_ai_ci;

-- 테이블 데이터 matching.django_migrations:~21 rows (대략적) 내보내기
/*!40000 ALTER TABLE `django_migrations` DISABLE KEYS */;
INSERT INTO `django_migrations` (`id`, `app`, `name`, `applied`) VALUES
	(1, 'contenttypes', '0001_initial', '2021-11-21 06:26:09.554954'),
	(2, 'auth', '0001_initial', '2021-11-21 06:26:10.065256'),
	(3, 'admin', '0001_initial', '2021-11-21 06:26:11.308960'),
	(4, 'admin', '0002_logentry_remove_auto_add', '2021-11-21 06:26:11.572702'),
	(5, 'admin', '0003_logentry_add_action_flag_choices', '2021-11-21 06:26:11.604664'),
	(6, 'contenttypes', '0002_remove_content_type_name', '2021-11-21 06:26:11.826673'),
	(7, 'auth', '0002_alter_permission_name_max_length', '2021-11-21 06:26:11.961740'),
	(8, 'auth', '0003_alter_user_email_max_length', '2021-11-21 06:26:12.016014'),
	(9, 'auth', '0004_alter_user_username_opts', '2021-11-21 06:26:12.046028'),
	(10, 'auth', '0005_alter_user_last_login_null', '2021-11-21 06:26:12.175722'),
	(11, 'auth', '0006_require_contenttypes_0002', '2021-11-21 06:26:12.200719'),
	(12, 'auth', '0007_alter_validators_add_error_messages', '2021-11-21 06:26:12.230862'),
	(13, 'auth', '0008_alter_user_username_max_length', '2021-11-21 06:26:12.370023'),
	(14, 'auth', '0009_alter_user_last_name_max_length', '2021-11-21 06:26:12.514720'),
	(15, 'auth', '0010_alter_group_name_max_length', '2021-11-21 06:26:12.566014'),
	(16, 'auth', '0011_update_proxy_permissions', '2021-11-21 06:26:12.612753'),
	(17, 'auth', '0012_alter_user_first_name_max_length', '2021-11-21 06:26:13.057421'),
	(18, 'matching', '0001_initial', '2021-11-21 06:26:13.448133'),
	(19, 'matching', '0002_auto_20211120_1909', '2021-11-21 06:26:13.819168'),
	(20, 'matching', '0003_auto_20211120_1925', '2021-11-21 06:26:14.235262'),
	(21, 'sessions', '0001_initial', '2021-11-21 06:26:14.322132');
/*!40000 ALTER TABLE `django_migrations` ENABLE KEYS */;

-- 테이블 matching.django_session 구조 내보내기
CREATE TABLE IF NOT EXISTS `django_session` (
  `session_key` varchar(40) NOT NULL,
  `session_data` longtext NOT NULL,
  `expire_date` datetime(6) NOT NULL,
  PRIMARY KEY (`session_key`),
  KEY `django_session_expire_date_a5c62663` (`expire_date`)
) ENGINE=InnoDB DEFAULT CHARSET=utf8mb4 COLLATE=utf8mb4_0900_ai_ci;

-- 테이블 데이터 matching.django_session:~0 rows (대략적) 내보내기
/*!40000 ALTER TABLE `django_session` DISABLE KEYS */;
/*!40000 ALTER TABLE `django_session` ENABLE KEYS */;

-- 테이블 matching.matching_info 구조 내보내기
CREATE TABLE IF NOT EXISTS `matching_info` (
  `id` int NOT NULL AUTO_INCREMENT,
  `sex` int NOT NULL,
  `age` double NOT NULL,
  `mbti` varchar(10) NOT NULL,
  `user_smoking` int NOT NULL,
  `mate_smoking` double NOT NULL,
  `user_pet` int NOT NULL,
  `user_pet_dog` int NOT NULL,
  `user_pet_cat` int NOT NULL,
  `user_pet_reptile_fish` int NOT NULL,
  `user_pet_rodent` int NOT NULL,
  `user_pet_bird` int NOT NULL,
  `mate_pet` double NOT NULL,
  `mate_pet_dog` double NOT NULL,
  `mate_pet_cat` double NOT NULL,
  `mate_pet_reptile_fish` double NOT NULL,
  `mate_pet_rodent` double NOT NULL,
  `mate_pet_bird` double NOT NULL,
  `air_like_airconditioner` double NOT NULL,
  `air_like_heater` double NOT NULL,
  `noise_talking` double NOT NULL,
  `noise_music` double NOT NULL,
  `noise_alarm` int NOT NULL,
  `user_bug_killer` double NOT NULL,
  `mate_bug_killer` int NOT NULL,
  `user_cooking` int NOT NULL,
  `mate_cooking` int NOT NULL,
  `eat_together` int NOT NULL,
  `share_item` double NOT NULL,
  `mate_alcohol` double NOT NULL,
  `mate_clean` double NOT NULL,
  `permission_to_enter` double NOT NULL,
  `uid` int NOT NULL,
  PRIMARY KEY (`id`),
  KEY `matching_info_uid_3034f9bd_fk_user_id` (`uid`),
  CONSTRAINT `matching_info_uid_3034f9bd_fk_user_id` FOREIGN KEY (`uid`) REFERENCES `user` (`id`)
) ENGINE=InnoDB AUTO_INCREMENT=179 DEFAULT CHARSET=utf8mb4 COLLATE=utf8mb4_0900_ai_ci;

-- 테이블 데이터 matching.matching_info:~81 rows (대략적) 내보내기
/*!40000 ALTER TABLE `matching_info` DISABLE KEYS */;
INSERT INTO `matching_info` (`id`, `sex`, `age`, `mbti`, `user_smoking`, `mate_smoking`, `user_pet`, `user_pet_dog`, `user_pet_cat`, `user_pet_reptile_fish`, `user_pet_rodent`, `user_pet_bird`, `mate_pet`, `mate_pet_dog`, `mate_pet_cat`, `mate_pet_reptile_fish`, `mate_pet_rodent`, `mate_pet_bird`, `air_like_airconditioner`, `air_like_heater`, `noise_talking`, `noise_music`, `noise_alarm`, `user_bug_killer`, `mate_bug_killer`, `user_cooking`, `mate_cooking`, `eat_together`, `share_item`, `mate_alcohol`, `mate_clean`, `permission_to_enter`, `uid`) VALUES
	(84, 1, 0.4, 'INFP', 0, 0, 0, 0, 0, 0, 0, 0, 0.5, 0.5, 0.5, 0, 0, 0, 0.5, 0.5, 0, 0, 1, 0, 1, 0, 0, 1, 0.704225352112676, 0.4118571428571429, 0.5, 1, 1),
	(85, 0, 0.6, 'INTP', 0, 0, 0, 0, 0, 0, 0, 0, 0.5, 0.5, 0.5, 0, 0, 0, 1, 0, 0, 0, 0, 0.75, 0, 0, 0, 0, 0.75, 0.33, 0, 0.5, 2),
	(86, 1, 0.2, 'ESFP', 0, 0, 0, 0, 0, 0, 0, 0, 0.5, 0.5, 0.5, 0, 0, 0.5, 1, 1, 0, 0.5, 1, 0, 1, 1, 0, 0, 0.75, 0.33, 0.5, 0.5, 3),
	(87, 0, 0.2, '모른다', 0, 0, 0, 0, 0, 0, 0, 0, 1, 0, 0, 0, 0, 0, 0.5, 0.5, 0, 0, 0, 1, 0, 0, 0, 1, 0.75, 0, 0.5, 0.5, 4),
	(88, 0, 0.2, 'INTP', 0, 0, 0, 0, 0, 0, 0, 0, 1, 0, 0, 0, 0, 0, 0.5, 0, 0, 0, 1, 0.75, 0, 0, 0, 0, 0, 1, 0.5, 0.5, 5),
	(89, 1, 0.4, 'ENFP', 0, 0, 0, 0, 0, 0, 0, 0, 1, 0, 0, 0, 0, 0, 1, 0, 0, 0, 1, 0.75, 0, 0, 0, 1, 0.75, 0.33, 0.5, 0, 6),
	(90, 1, 0.2, 'ENFJ', 0, 0, 0, 0, 0, 0, 0, 0, 0.5, 0.5, 0.5, 0.5, 0, 0, 1, 1, 0, 0.5, 1, 0.75, 0, 0, 0, 1, 0.75, 1, 0.5, 0, 7),
	(91, 1, 0.2, 'ENFJ', 0, 0, 0, 0, 0, 0, 0, 0, 0.5, 0.5, 0, 0, 0, 0, 0.5, 0, 0, 0, 1, 0.75, 0, 0, 0, 1, 0.75, 1, 0, 0.5, 8),
	(92, 1, 0.4, 'INTP', 0, 0, 0, 0, 0, 0, 0, 0, 0.5, 0.5, 0.5, 0.5, 0.5, 0, 0, 0, 0.5, 0.5, 1, 0, 0, 0, 0, 0, 0.75, 0.33, 0.5, 0.5, 9),
	(93, 1, 0.2, 'ISFJ', 0, 0, 0, 0, 0, 0, 0, 0, 0, 0.5, 0.5, 0.5, 0.5, 0.5, 0.5, 1, 0.5, 0.5, 0, 0, 0, 1, 0, 0, 0.75, 0.33, 0.5, 0.5, 10),
	(94, 1, 0.4, '모른다', 0, 0, 0, 0, 0, 0, 0, 0, 0.5, 0, 0, 0.5, 0, 0, 1, 0, 0, 0, 1, 0, 1, 0, 0, 1, 0.75, 0.33, 0.5, 0.5, 11),
	(95, 1, 0.2, 'INTJ', 0, 0, 1, 0, 1, 0, 0, 0, 0.5, 0, 0.5, 0, 0, 0, 0.5, 0, 0.5, 0, 1, 0, 0, 0, 0, 1, 0.75, 1, 0, 0.5, 12),
	(96, 1, 0.4, 'ENFJ', 0, 0, 0, 0, 0, 0, 0, 0, 1, 0, 0, 0, 0, 0, 1, 0, 1, 1, 1, 0.75, 0, 0, 0, 0, 0.75, 0.33, 0.5, 0.5, 13),
	(97, 1, 0.4, 'ISFP', 0, 0.5, 0, 0, 0, 0, 0, 0, 0.5, 0, 0.5, 0, 0, 0, 1, 0.5, 0, 0, 1, 1, 0, 1, 0, 1, 0.75, 0.33, 0.5, 0.5, 14),
	(98, 0, 0.4, 'ENTJ', 0, 0, 0, 0, 0, 0, 0, 0, 1, 0.5, 0.5, 0.5, 0.5, 0.5, 1, 0.5, 0, 0, 0, 1, 1, 0, 0, 1, 0.75, 0, 0, 1, 15),
	(99, 1, 0.4, 'INFP', 0, 0, 0, 0, 0, 0, 0, 0, 0.5, 0.5, 0.5, 0, 0, 0, 0.5, 0, 0.5, 0.5, 1, 0.75, 0, 1, 0, 1, 0.75, 0.33, 0.5, 0.5, 16),
	(100, 1, 0.4, 'INFP', 0, 0, 0, 0, 0, 0, 0, 0, 0.5, 0.5, 0.5, 0, 0, 0, 0.5, 0.5, 1, 1, 1, 0, 1, 0, 0, 1, 0.75, 0.33, 0, 1, 17),
	(101, 0, 0.6, 'ENFJ', 0, 0, 0, 0, 0, 0, 0, 0, 1, 0, 0, 0, 0, 0, 1, 0, 0, 0, 1, 0.75, 1, 0, 0, 1, 0, 0.66, 0.5, 0.5, 18),
	(102, 0, 0.8, 'ENTP', 0, 0, 0, 0, 0, 0, 0, 0, 0.5, 0.5, 0, 0, 0, 0, 1, 0, 0, 0, 1, 1, 0, 1, 0, 1, 0.75, 0.33, 0.5, 0.5, 19),
	(103, 1, 0.4, 'ISTP', 0, 0, 0, 0, 0, 0, 0, 0, 1, 0, 0, 0, 0, 0, 1, 1, 0.5, 0.5, 1, 0.75, 1, 1, 0, 1, 0, 1, 0.5, 1, 20),
	(104, 1, 0.2, 'ISFJ', 0, 0, 0, 0, 0, 0, 0, 0, 0.5, 0, 0.5, 0, 0, 0, 0.5, 0, 0, 0, 1, 0.75, 0, 0, 0, 1, 0.75, 0.33, 0.5, 0.5, 21),
	(105, 1, 0.4, 'ISFP', 0, 0, 1, 1, 0, 0, 0, 0, 0.5, 0.5, 0.5, 0, 0, 0, 1, 1, 0, 0, 1, 0, 1, 0, 0, 0, 0.75, 0.33, 0.5, 0.5, 22),
	(106, 1, 0, 'ISTJ', 0, 0, 0, 0, 0, 0, 0, 0, 1, 0, 0, 0, 0, 0, 0.5, 1, 0.5, 0.5, 0, 0, 1, 1, 0, 0, 0.75, 1, 0.5, 1, 23),
	(107, 0, 0.4, 'ENFJ', 1, 0.5, 0, 0, 0, 0, 0, 0, 0.5, 0, 0.5, 0.5, 0.5, 0.5, 1, 0, 0.5, 0.5, 1, 1, 0, 0, 0, 0, 0, 0.33, 0, 0.5, 24),
	(108, 1, 0.4, 'ISTP', 0, 0, 0, 0, 0, 0, 0, 0, 1, 0, 0, 0, 0, 0, 0.5, 0, 0, 0, 1, 0.75, 1, 1, 0, 0, 0.75, 0.33, 0.5, 1, 25),
	(109, 1, 0.4, 'INFJ', 0, 0, 0, 0, 0, 0, 0, 0, 0.5, 0.5, 0.5, 0, 0, 0, 0.5, 1, 0, 0, 1, 0, 0, 0, 0, 1, 0.75, 0.33, 0, 0.5, 26),
	(110, 1, 0.2, 'INFP', 1, 0.5, 0, 0, 0, 0, 0, 0, 0.5, 0.5, 0.5, 0, 0, 0, 0.5, 1, 0.5, 0, 1, 0.75, 1, 1, 0, 0, 0.75, 0.33, 0.5, 0.5, 27),
	(111, 1, 0.2, 'INFJ', 0, 0, 0, 0, 0, 0, 0, 0, 0.5, 0, 0.5, 0, 0, 0, 1, 0.5, 1, 0, 0, 0, 1, 0, 0, 0, 0.75, 0.33, 1, 0.5, 28),
	(112, 1, 0.4, 'ESFP', 0, 0, 0, 0, 0, 0, 0, 0, 0.5, 0.5, 0, 0, 0, 0, 0.5, 0.5, 0, 0.5, 1, 1, 0, 1, 0, 1, 0.75, 1, 0.5, 0.5, 29),
	(113, 1, 0.2, 'ISFJ', 0, 0, 0, 0, 0, 0, 0, 0, 1, 0, 0, 0, 0, 0, 0.5, 1, 0.5, 0.5, 1, 0.75, 0, 1, 0, 0, 0.75, 0.33, 1, 0.5, 30),
	(114, 0, 0.6, 'ESFP', 1, 0.5, 0, 0, 0, 0, 0, 0, 1, 0, 0, 0, 0, 0, 1, 1, 0.5, 0.5, 1, 1, 0, 1, 0, 1, 0.75, 0.33, 0.5, 0.5, 31),
	(115, 1, 0.2, 'INFP', 0, 0, 0, 0, 0, 0, 0, 0, 0.5, 0.5, 0.5, 0, 0, 0, 0, 1, 0, 0, 0, 0.75, 1, 0, 0, 0, 1, 0.33, 0.5, 0.5, 32),
	(116, 1, 0.4, 'ENFP', 1, 0.5, 0, 0, 0, 0, 0, 0, 0.5, 0.5, 0.5, 0, 0, 0, 0.5, 0.5, 0, 1, 1, 0, 1, 0, 0, 1, 0.75, 0.33, 1, 0.5, 33),
	(117, 1, 0.2, 'ENFJ', 0, 0.5, 0, 0, 0, 0, 0, 0, 1, 0, 0, 0, 0, 0, 0, 0.5, 0.5, 0.5, 0, 1, 0, 0, 0, 0, 0.75, 0, 1, 0.5, 34),
	(118, 1, 0.6, 'ISFP', 0, 0, 1, 1, 1, 0, 0, 0, 0.5, 0.5, 0.5, 0, 0, 0, 1, 0, 0.5, 0.5, 0, 0.75, 1, 1, 0, 0, 0.75, 0.33, 0, 0.5, 35),
	(119, 0, 0.4, 'ENTJ', 1, 1, 1, 1, 0, 0, 0, 0, 0.5, 0.5, 0, 0, 0, 0, 1, 0.5, 0, 0, 0, 0.75, 0, 1, 0, 1, 0.75, 0.33, 0, 0.5, 36),
	(120, 1, 0.2, 'INFP', 0, 0, 0, 1, 0, 0, 0, 0, 0.5, 0.5, 0.5, 0.5, 0, 0, 0.5, 0, 0, 0, 1, 1, 0, 1, 0, 0, 0.75, 0.33, 0, 0, 37),
	(121, 1, 0.8, '모른다', 1, 1, 0, 1, 0, 0, 0, 0, 0.5, 0.5, 0, 0, 0, 0, 1, 0, 0, 0.5, 0, 0, 1, 0, 0, 0, 0.75, 0.33, 0.5, 1, 38),
	(122, 0, 0.4, 'INFJ', 0, 0, 1, 1, 1, 0, 0, 0, 0.5, 0.5, 0.5, 0, 0, 0, 1, 0.5, 0, 0, 1, 0.75, 0, 0, 0, 1, 0.75, 0.33, 0.5, 0.5, 39),
	(123, 0, 0.6, 'ESFJ', 0, 0, 0, 0, 0, 0, 0, 0, 0.5, 0.5, 0, 0, 0, 0, 1, 0, 0.5, 0, 1, 1, 0, 1, 0, 1, 0.75, 0.33, 0.5, 0, 40),
	(124, 0, 0.4, 'INFP', 0, 0, 0, 0, 0, 0, 0, 0, 0.5, 0.5, 0.5, 0, 0, 0, 0.5, 0.5, 0, 0, 0, 0.75, 0, 0, 0, 1, 0.75, 0.33, 0, 0.5, 41),
	(125, 1, 0.8, '모른다', 0, 0, 0, 0, 0, 0, 0, 0, 1, 0, 0, 0, 0, 0, 1, 1, 0, 0, 1, 0, 1, 0, 0, 1, 0.75, 1, 0.5, 0.5, 42),
	(126, 1, 0.4, 'ESFJ', 0, 0, 0, 0, 0, 0, 0, 0, 1, 0, 0, 0, 0, 0, 0.5, 0, 0.5, 0.5, 0, 0.75, 0, 0, 0, 0, 0.75, 0.33, 0.5, 0.5, 43),
	(127, 1, 0, 'ISTJ', 0, 0, 1, 1, 0, 0, 0, 0, 1, 0, 0, 0, 0, 0, 1, 0, 0.5, 0.5, 1, 0, 1, 1, 0, 1, 0.75, 1, 1, 0.5, 44),
	(128, 1, 0.2, 'ENFP', 0, 0.5, 0, 0, 0, 0, 0, 0, 0.5, 0, 0, 0.5, 0, 0, 0, 0, 0, 0, 1, 0.75, 1, 0, 0, 1, 0.75, 0.33, 0, 1, 45),
	(129, 1, 0.2, 'INTJ', 0, 0, 1, 0, 1, 0, 0, 0, 0, 0.5, 0.5, 0.5, 0.5, 0.5, 1, 0.5, 0, 0, 0, 0, 1, 0, 0, 0, 0.75, 0, 0, 0.5, 46),
	(130, 1, 0.2, 'ENTP', 1, 0.5, 0, 0, 0, 0, 0, 0, 0.5, 0.5, 0.5, 0, 0, 0, 1, 1, 0.5, 0.5, 1, 0.75, 0, 1, 0, 1, 0.75, 0.33, 0.5, 0.5, 47),
	(131, 1, 0.4, 'ISFJ', 0, 0, 0, 0, 0, 0, 0, 0, 0.5, 0.5, 0.5, 0, 0, 0.5, 0.5, 0, 0, 0, 1, 0, 1, 1, 0, 1, 0.75, 0.33, 0.5, 0.5, 48),
	(132, 1, 0.2, 'ESFP', 0, 0, 0, 0, 0, 0, 0, 0, 1, 0, 0, 0, 0, 0, 0, 1, 0.5, 0, 1, 0, 1, 0, 0, 1, 0.75, 0, 0.5, 0.5, 49),
	(133, 0, 0.4, 'ENFJ', 0, 0, 1, 1, 0, 0, 0, 0, 0.5, 0.5, 0.5, 0, 0, 0, 1, 1, 0, 0, 1, 1, 0, 0, 0, 1, 0.75, 0.33, 0.5, 0.5, 50),
	(134, 1, 0.2, 'INFP', 0, 0.5, 0, 0, 0, 0, 0, 0, 0.5, 0.5, 0.5, 0, 0, 0, 0.5, 1, 0, 0, 0, 0, 1, 0, 0, 1, 1, 0.4118571428571429, 0.5, 0.5, 51),
	(135, 0, 0.2, 'ISFJ', 0, 0, 1, 0, 1, 0, 0, 0, 0.5, 0.5, 0.5, 0, 0, 0, 1, 0, 0, 0, 1, 0.75, 1, 1, 0, 0, 0.75, 0.33, 0.5, 0.5, 52),
	(136, 1, 0.4, 'ISFP', 0, 0, 0, 0, 0, 0, 0, 0, 1, 0, 0, 0, 0, 0, 0.5, 0.5, 0, 0, 0, 0.75, 0, 1, 0, 1, 0.75, 0.33, 0, 0.5, 53),
	(137, 0, 0.4, 'ESFJ', 0, 0, 0, 0, 0, 0, 0, 0, 0.5, 0.5, 0, 0, 0, 0, 1, 0, 0, 0, 1, 1, 0, 1, 0, 1, 0.75, 0.33, 0.5, 0.5, 54),
	(138, 1, 0.4, 'INFJ', 0, 0, 0, 0, 0, 0, 0, 0, 1, 0, 0, 0, 0, 0, 0, 0, 0.5, 0.5, 1, 0.75, 1, 0, 0, 1, 0.75, 0.33, 0.5, 0.5, 55),
	(139, 0, 0.4, 'ESFJ', 0, 0, 0, 0, 0, 0, 0, 0, 0.5, 0.5, 0.5, 0.5, 0, 0.5, 1, 0, 0, 0, 0, 1, 0, 0, 0, 1, 0.75, 0.33, 0.5, 0, 56),
	(140, 1, 0, 'ESFP', 0, 0, 0, 0, 0, 0, 0, 0, 1, 0, 0, 0, 0, 0, 0.5, 0.5, 0, 0.5, 0, 0.75, 1, 1, 0, 1, 0.75, 1, 0.5, 0.5, 57),
	(141, 1, 0.4, 'INTJ', 0, 0, 0, 0, 0, 0, 0, 0, 0.5, 0, 0.5, 0, 0, 0, 0.5, 1, 0, 0, 1, 1, 1, 0, 0, 0, 0.75, 0.33, 0.5, 0.5, 58),
	(142, 1, 0.6, 'ISFP', 0, 0, 0, 0, 0, 0, 0, 0, 1, 0, 0, 0, 0, 0, 1, 0, 0, 0, 1, 0.75, 0, 1, 0, 0, 0.75, 0.33, 0.5, 0.5, 59),
	(143, 1, 0.4, 'ISFP', 0, 0, 0, 0, 0, 0, 0, 0, 1, 0, 0, 0, 0, 0, 1, 0, 0.5, 0.5, 1, 0.75, 0, 0, 0, 0, 0.75, 0.33, 0.5, 0.5, 60),
	(144, 1, 0.2, 'ENFP', 0, 0, 0, 0, 0, 0, 0, 0, 0.5, 0.5, 0.5, 0.5, 0, 0, 0.5, 0, 0, 0, 1, 1, 0, 0, 0, 1, 0.75, 0, 0, 0.5, 61),
	(145, 0, 0.4, 'ISFP', 0, 0.5, 1, 1, 1, 0, 0, 0, 0.5, 0.5, 0.5, 0, 0.5, 0, 1, 0.5, 0, 0, 0, 1, 0, 1, 0, 0, 0.75, 0, 0.5, 0.5, 62),
	(146, 1, 0.4, 'INTP', 0, 0, 0, 0, 0, 0, 0, 0, 0.5, 0.5, 0, 0, 0, 0, 1, 1, 0, 0, 1, 0, 1, 0, 0, 1, 0.75, 1, 0.5, 0, 63),
	(147, 1, 0.2, 'ISFJ', 0, 0, 1, 1, 1, 0, 0, 0, 0.5, 0.5, 0.5, 0, 0, 0, 1, 0, 0.5, 0.5, 1, 0, 1, 1, 0, 0, 0.75, 1, 0.5, 1, 64),
	(148, 1, 0.2, 'ISTP', 0, 0, 0, 0, 0, 0, 0, 0, 1, 0, 0, 0, 0, 0, 0.5, 0, 0.5, 0.5, 0, 1, 0, 0, 0, 1, 0.75, 0.33, 0, 0.5, 65),
	(149, 1, 0.2, 'ESFP', 0, 0, 0, 0, 0, 0, 0, 0, 0.5, 0.5, 0.5, 0, 0, 0, 0.5, 0, 0.5, 0.5, 0, 0, 1, 0, 0, 1, 0.75, 0.33, 0.5, 1, 66),
	(150, 1, 0.6, 'ENFJ', 1, 1, 1, 1, 0, 0, 0, 0, 0.5, 0.5, 0, 0, 0, 0, 0.5, 1, 0, 0, 0, 0.75, 1, 1, 0, 1, 0.75, 0, 0.5, 0.5, 67),
	(151, 0, 0.4, 'ISFJ', 0, 0, 0, 0, 0, 0, 0, 0, 0.5, 0.5, 0.5, 0, 0, 0, 1, 0.5, 0, 0, 0, 0.75, 0, 1, 0, 1, 0.75, 0.33, 0.5, 0.5, 68),
	(152, 1, 0.2, 'ISFJ', 0, 0, 0, 0, 0, 0, 0, 0, 0.5, 0.5, 0, 0, 0, 0, 0.5, 1, 0.5, 0.5, 0, 1, 0, 1, 0, 1, 0.75, 0.33, 0.5, 0.5, 69),
	(153, 1, 0.8, '모른다', 0, 0.5, 0, 0, 0, 0, 0, 0, 0, 0.5, 0.5, 0.5, 0.5, 0.5, 0.5, 0.5, 0, 0, 1, 1, 0, 0, 0, 1, 0.75, 0, 0.5, 0.5, 70),
	(154, 1, 0.2, 'INTP', 0, 0, 0, 0, 0, 0, 0, 0, 0.5, 0.5, 0.5, 0, 0, 0, 1, 0, 1, 1, 1, 0, 0, 1, 0, 0, 0.75, 0.33, 0.5, 0.5, 71),
	(155, 1, 0.4, 'ISTP', 0, 0, 0, 0, 0, 0, 0, 0, 0.5, 0.5, 0, 0, 0, 0, 0.5, 0.5, 0.5, 0.5, 0, 0, 1, 0, 0, 0, 0, 0.66, 0.5, 0.5, 72),
	(168, 1, 0.4, 'ENTP', 0, 0.5, 1, 1, 1, 0, 0, 0, 0, 0, 0, 0, 0, 0, 1, 1, 0, 0, 0, 1, 0, 1, 0, 1, 1, 0, 0, 0.5, 283),
	(169, 1, 0.6, 'INTJ', 0, 0.5, 1, 1, 0, 0, 0, 0, 0.5, 1, 0, 0, 0, 0, 0.5, 0.5, 0.5, 0.5, 1, 0, 1, 1, 0, 1, 0.75, 0.33, 0.5, 1, 285),
	(170, 0, 0.6, 'ESTJ', 1, 1, 0, 0, 0, 0, 0, 0, 0, 0, 0, 0, 0, 0, 0.5, 0.5, 1, 1, 1, 1, 0, 1, 1, 0, 0, 1, 1, 0.5, 286),
	(171, 1, 0.4, 'INTP', 0, 0, 0, 0, 0, 0, 0, 0, 0.5, 1, 1, 0, 0, 0, 0.5, 0.5, 0.5, 0.5, 1, 0, 0, 0, 0, 1, 0.75, 0.33, 0.5, 0.5, 287),
	(174, 1, 0.4, 'ENTP', 0, 0.5, 1, 1, 0, 1, 0, 0, 0.5, 1, 0, 1, 0, 0, 1, 0.5, 0.5, 0.5, 1, 0.5, 0, 0, 0, 1, 1, 0.33, 1, 0.5, 290),
	(175, 1, 0.4, 'ENFP', 0, 0, 1, 1, 0, 0, 0, 0, 0.5, 1, 0, 0, 0, 0, 1, 1, 0.5, 0.5, 1, 0, 0, 0, 0, 1, 0.75, 0.33, 0.5, 0, 291),
	(176, 1, 0.4, 'INFP', 0, 0.5, 0, 0, 0, 0, 0, 0, 0, 0, 0, 0, 0, 0, 0.5, 0.5, 0.5, 0.5, 1, 0, 0, 0, 0, 1, 0.75, 0.33, 0.5, 0.5, 292),
	(177, 1, 0.4, 'INTP', 0, 0.5, 0, 0, 0, 0, 0, 0, 0, 0, 0, 0, 0, 0, 0.5, 0.5, 0.5, 0.5, 1, 0, 0, 0, 0, 1, 0.75, 0.33, 0, 0.5, 293),
	(178, 1, 0.2, 'ENFJ', 0, 0, 0, 0, 0, 0, 0, 0, 0, 0, 0, 0, 0, 0, 1, 1, 0.5, 0.5, 1, 0, 0, 0, 0, 1, 0.75, 0.66, 0.5, 0.5, 294);
/*!40000 ALTER TABLE `matching_info` ENABLE KEYS */;

-- 테이블 matching.matching_result 구조 내보내기
CREATE TABLE IF NOT EXISTS `matching_result` (
  `id` int NOT NULL AUTO_INCREMENT,
  `mate_list` varchar(1000) NOT NULL,
  `update_at` datetime(6) NOT NULL,
  `uid` int NOT NULL,
  PRIMARY KEY (`id`),
  KEY `matching_result_uid_23111c8c_fk_user_id` (`uid`),
  CONSTRAINT `matching_result_uid_23111c8c_fk_user_id` FOREIGN KEY (`uid`) REFERENCES `user` (`id`)
) ENGINE=InnoDB AUTO_INCREMENT=369 DEFAULT CHARSET=utf8mb4 COLLATE=utf8mb4_0900_ai_ci;

-- 테이블 데이터 matching.matching_result:~357 rows (대략적) 내보내기
/*!40000 ALTER TABLE `matching_result` DISABLE KEYS */;
INSERT INTO `matching_result` (`id`, `mate_list`, `update_at`, `uid`) VALUES
	(2, '[58, 13, 30, 25, 60, 59, 43, 70, 21, 34, 9, 37, 71, 14, 52, 29, 8, 22, 3, 7]', '2021-11-21 20:48:47.772717', 22),
	(3, '[58, 30, 3, 25, 59, 21, 60, 52, 70, 37, 14, 43, 3, 9, 22, 48, 29, 3, 27, 64]', '2021-11-21 21:29:30.039453', 3),
	(4, '[58, 30, 3, 25, 59, 21, 60, 52, 70, 37, 43, 14, 3, 9, 22, 48, 29, 3, 3, 27]', '2021-11-21 21:32:38.309958', 3),
	(5, '[58, 30, 3, 25, 59, 21, 60, 52, 70, 37, 43, 14, 3, 9, 22, 48, 29, 3, 3, 27]', '2021-11-21 21:34:26.650621', 3),
	(6, '[58, 30, 3, 25, 59, 21, 60, 3, 52, 70, 37, 43, 14, 3, 9, 22, 48, 29, 3, 3]', '2021-11-21 21:45:19.360611', 3),
	(7, '[58, 30, 3, 25, 59, 21, 60, 3, 52, 70, 37, 43, 14, 3, 9, 22, 48, 29, 3, 3]', '2021-11-21 21:46:14.595735', 3),
	(8, '[4, 36, 56, 47, 14, 57, 43, 55, 54, 45, 44, 18, 35, 2, 48, 20, 10, 38, 41, 15]', '2021-11-21 22:44:34.137995', 4),
	(9, '[58, 30, 3, 25, 59, 21, 60, 3, 52, 70, 37, 14, 43, 3, 9, 22, 48, 29, 3, 27]', '2021-11-23 12:23:11.926111', 3),
	(10, '[58, 30, 3, 25, 59, 21, 60, 3, 52, 70, 37, 14, 43, 3, 9, 22, 48, 29, 3, 27]', '2021-11-23 12:23:14.769350', 3),
	(11, '[58, 30, 3, 25, 59, 21, 60, 3, 52, 70, 37, 14, 43, 3, 9, 22, 48, 29, 3, 27]', '2021-11-23 12:23:58.942246', 3),
	(12, '[58, 30, 3, 25, 59, 21, 60, 3, 52, 70, 37, 14, 43, 3, 9, 22, 48, 29, 3, 27]', '2021-11-23 12:25:28.156491', 3),
	(13, '[58, 30, 3, 25, 59, 21, 60, 3, 52, 70, 37, 14, 43, 3, 9, 22, 48, 29, 3, 27]', '2021-11-23 12:26:40.104050', 3),
	(14, '[58, 30, 3, 25, 59, 21, 60, 3, 52, 70, 37, 14, 43, 3, 9, 22, 48, 29, 3, 27]', '2021-11-23 12:27:55.374480', 3),
	(15, '[58, 30, 3, 25, 59, 21, 60, 3, 52, 70, 37, 14, 43, 3, 9, 22, 48, 29, 3, 27]', '2021-11-23 12:33:57.552105', 3),
	(16, '[58, 30, 3, 25, 59, 21, 60, 3, 52, 70, 37, 14, 43, 3, 9, 22, 48, 29, 3, 27]', '2021-11-23 12:34:02.507186', 3),
	(17, '[58, 30, 3, 25, 59, 21, 60, 3, 52, 70, 37, 14, 43, 3, 9, 22, 48, 29, 3, 27]', '2021-11-23 12:36:02.725060', 3),
	(18, '[58, 30, 3, 25, 59, 21, 60, 3, 52, 70, 37, 14, 43, 3, 9, 22, 48, 29, 3, 27]', '2021-11-23 12:36:40.978969', 3),
	(19, '[4, 36, 56, 47, 14, 57, 43, 55, 54, 45, 44, 18, 35, 2, 48, 20, 10, 38, 41, 15]', '2021-11-23 13:09:23.203041', 4),
	(20, '[4, 36, 56, 47, 14, 57, 43, 55, 54, 45, 44, 18, 35, 2, 48, 20, 10, 38, 41, 15]', '2021-11-23 13:12:44.891778', 4),
	(21, '[4, 36, 56, 47, 14, 57, 43, 55, 54, 45, 44, 18, 35, 2, 48, 20, 10, 38, 41, 15]', '2021-11-23 13:13:17.252074', 4),
	(22, '[4, 36, 56, 47, 14, 57, 43, 55, 54, 45, 44, 18, 35, 2, 48, 20, 10, 38, 41, 15]', '2021-11-23 13:31:11.698482', 4),
	(23, '[4, 36, 56, 47, 14, 57, 43, 55, 54, 45, 44, 18, 35, 2, 48, 20, 10, 38, 41, 15]', '2021-11-23 13:31:21.385401', 4),
	(24, '[4, 36, 56, 47, 14, 57, 43, 55, 54, 45, 44, 18, 35, 2, 48, 20, 10, 38, 41, 15]', '2021-11-23 13:32:40.007476', 4),
	(25, '[4, 36, 56, 47, 14, 57, 43, 55, 54, 45, 44, 18, 35, 2, 48, 20, 10, 38, 41, 15]', '2021-11-23 13:32:54.791614', 4),
	(26, '[4, 36, 56, 47, 14, 57, 43, 55, 54, 45, 44, 18, 35, 2, 48, 20, 10, 38, 41, 15]', '2021-11-23 13:34:07.876108', 4),
	(27, '[4, 36, 56, 47, 14, 57, 43, 55, 54, 45, 44, 18, 35, 2, 48, 20, 10, 38, 41, 15]', '2021-11-23 13:34:10.268943', 4),
	(28, '[2, 62, 41, 46, 15, 4, 35, 4, 32, 43, 68, 72, 10, 53, 36, 28, 52, 34, 3, 58]', '2021-11-24 05:15:57.636385', 2),
	(29, '[2, 62, 41, 46, 15, 4, 35, 4, 32, 43, 68, 72, 10, 53, 36, 28, 52, 34, 3, 58]', '2021-11-24 05:19:41.573270', 2),
	(30, '[58, 30, 3, 25, 59, 21, 60, 3, 52, 70, 37, 14, 43, 3, 9, 22, 48, 29, 3, 27]', '2021-11-24 05:20:04.883185', 3),
	(31, '[10, 43, 46, 72, 53, 23, 32, 62, 35, 57, 3, 25, 22, 69, 58, 4, 59, 66, 30, 34]', '2021-11-24 05:21:47.234450', 10),
	(32, '[10, 43, 46, 72, 53, 23, 32, 62, 35, 57, 3, 25, 22, 69, 58, 4, 59, 66, 30, 34]', '2021-11-24 05:25:01.036852', 10),
	(33, '[10, 43, 46, 72, 53, 23, 32, 62, 35, 57, 3, 25, 22, 69, 58, 4, 59, 66, 30, 34]', '2021-11-24 05:25:57.247001', 10),
	(34, '[10, 43, 46, 72, 53, 23, 32, 62, 35, 57, 3, 25, 22, 69, 58, 4, 59, 66, 30, 34]', '2021-11-24 05:26:32.110251', 10),
	(35, '[10, 43, 46, 72, 53, 23, 32, 62, 35, 57, 3, 25, 22, 69, 58, 4, 59, 66, 30, 34]', '2021-11-24 05:27:14.302707', 10),
	(36, '[10, 43, 46, 72, 53, 23, 32, 62, 35, 57, 3, 25, 22, 69, 58, 4, 59, 66, 30, 34]', '2021-11-24 05:27:34.872516', 10),
	(37, '[63, 3, 7, 8, 12, 14, 6, 16, 26, 42, 1, 11, 29, 55, 61, 70, 51, 37, 21, 53]', '2021-11-24 08:48:25.307576', 7),
	(38, '[63, 3, 7, 8, 12, 14, 6, 16, 26, 42, 1, 11, 29, 55, 61, 70, 51, 37, 21, 53]', '2021-11-24 08:51:15.681551', 7),
	(39, '[63, 3, 7, 8, 12, 14, 6, 16, 26, 42, 1, 11, 29, 55, 61, 70, 51, 37, 21, 53]', '2021-11-24 08:51:19.752246', 7),
	(40, '[63, 3, 7, 8, 12, 14, 6, 16, 26, 42, 1, 11, 29, 55, 61, 70, 51, 37, 21, 53]', '2021-11-24 08:54:06.578561', 7),
	(41, '[63, 3, 7, 8, 12, 14, 6, 16, 26, 42, 1, 11, 29, 55, 61, 70, 51, 37, 21, 53]', '2021-11-24 08:54:09.748255', 7),
	(42, '[63, 3, 7, 8, 12, 14, 6, 16, 26, 42, 1, 11, 29, 55, 61, 70, 51, 37, 21, 53]', '2021-11-24 09:01:16.689392', 7),
	(43, '[63, 3, 7, 8, 12, 14, 6, 16, 26, 42, 1, 11, 29, 55, 61, 70, 51, 37, 21, 53]', '2021-11-24 09:02:12.148655', 7),
	(44, '[63, 3, 7, 8, 12, 14, 6, 16, 26, 42, 1, 11, 29, 55, 61, 70, 51, 37, 21, 53]', '2021-11-24 09:02:12.307800', 7),
	(45, '[63, 3, 7, 8, 12, 14, 6, 16, 26, 42, 1, 11, 29, 55, 61, 70, 51, 37, 21, 53]', '2021-11-24 09:02:24.674722', 7),
	(46, '[63, 3, 7, 8, 12, 14, 6, 16, 26, 42, 1, 11, 29, 55, 61, 70, 51, 37, 21, 53]', '2021-11-24 09:02:55.330860', 7),
	(47, '[63, 3, 7, 8, 12, 14, 6, 16, 26, 42, 1, 11, 29, 55, 61, 70, 51, 37, 21, 53]', '2021-11-24 09:02:58.315001', 7),
	(48, '[63, 3, 7, 8, 12, 14, 6, 16, 26, 42, 1, 11, 29, 55, 61, 70, 51, 37, 21, 53]', '2021-11-24 09:04:08.961157', 7),
	(49, '[63, 3, 7, 8, 12, 14, 6, 16, 26, 42, 1, 11, 29, 55, 61, 70, 51, 37, 21, 53]', '2021-11-24 09:04:13.705414', 7),
	(50, '[63, 3, 7, 8, 12, 14, 6, 16, 26, 42, 1, 11, 29, 55, 61, 70, 51, 37, 21, 53]', '2021-11-24 09:05:07.193120', 7),
	(51, '[63, 3, 7, 8, 12, 14, 6, 16, 26, 42, 1, 11, 29, 55, 61, 70, 51, 37, 21, 53]', '2021-11-24 09:05:08.828778', 7),
	(52, '[63, 3, 7, 8, 12, 14, 6, 16, 26, 42, 1, 11, 29, 55, 61, 70, 51, 37, 21, 53]', '2021-11-24 09:05:21.092001', 7),
	(53, '[63, 3, 7, 8, 12, 14, 6, 16, 26, 42, 1, 11, 29, 55, 61, 70, 51, 37, 21, 53]', '2021-11-24 09:05:23.130289', 7),
	(54, '[63, 3, 7, 8, 12, 14, 6, 16, 26, 42, 1, 11, 29, 55, 61, 70, 51, 37, 21, 53]', '2021-11-24 09:05:43.649442', 7),
	(55, '[63, 3, 7, 8, 12, 14, 6, 16, 26, 42, 1, 11, 29, 55, 61, 70, 51, 37, 21, 53]', '2021-11-24 09:05:47.112802', 7),
	(56, '[63, 3, 7, 8, 12, 14, 6, 16, 26, 42, 1, 11, 29, 55, 61, 70, 51, 37, 21, 53]', '2021-11-24 09:06:07.331879', 7),
	(57, '[63, 3, 7, 8, 12, 14, 6, 16, 26, 42, 1, 11, 29, 55, 61, 70, 51, 37, 21, 53]', '2021-11-24 09:06:10.619771', 7),
	(58, '[63, 3, 7, 8, 12, 14, 6, 16, 26, 42, 1, 11, 29, 55, 61, 70, 51, 37, 21, 53]', '2021-11-24 09:06:25.249820', 7),
	(59, '[63, 3, 7, 8, 12, 14, 6, 16, 26, 42, 1, 11, 29, 55, 61, 70, 51, 37, 21, 53]', '2021-11-24 09:06:26.990524', 7),
	(60, '[63, 3, 7, 8, 12, 14, 6, 16, 26, 42, 1, 11, 29, 55, 61, 70, 51, 37, 21, 53]', '2021-11-24 09:06:44.517134', 7),
	(61, '[63, 3, 7, 8, 12, 14, 6, 16, 26, 42, 1, 11, 29, 55, 61, 70, 51, 37, 21, 53]', '2021-11-24 09:06:46.815023', 7),
	(62, '[63, 3, 7, 8, 12, 14, 6, 16, 26, 42, 1, 11, 29, 55, 61, 70, 51, 37, 21, 53]', '2021-11-24 09:08:21.818029', 7),
	(63, '[63, 3, 7, 8, 12, 14, 6, 16, 26, 42, 1, 11, 29, 55, 61, 70, 51, 37, 21, 53]', '2021-11-24 09:08:25.556137', 7),
	(64, '[63, 3, 7, 8, 12, 14, 6, 16, 26, 42, 1, 11, 29, 55, 61, 70, 51, 37, 21, 53]', '2021-11-24 09:09:08.409990', 7),
	(65, '[63, 3, 7, 8, 12, 14, 6, 16, 26, 42, 1, 11, 29, 55, 61, 70, 51, 37, 21, 53]', '2021-11-24 09:10:34.514907', 7),
	(66, '[63, 3, 7, 8, 12, 14, 6, 16, 26, 42, 1, 11, 29, 55, 61, 70, 51, 37, 21, 53]', '2021-11-24 09:11:52.338921', 7),
	(67, '[63, 3, 7, 8, 12, 14, 6, 16, 26, 42, 1, 11, 29, 55, 61, 70, 51, 37, 21, 53]', '2021-11-24 09:12:31.603649', 7),
	(68, '[63, 3, 7, 8, 12, 14, 6, 16, 26, 42, 1, 11, 29, 55, 61, 70, 51, 37, 21, 53]', '2021-11-24 09:12:59.460797', 7),
	(69, '[63, 3, 7, 8, 12, 14, 6, 16, 26, 42, 1, 11, 29, 55, 61, 70, 51, 37, 21, 53]', '2021-11-24 09:15:33.465605', 7),
	(70, '[63, 3, 7, 8, 12, 14, 6, 16, 26, 42, 1, 11, 29, 55, 61, 70, 51, 37, 21, 53]', '2021-11-24 09:15:35.675027', 7),
	(71, '[63, 3, 7, 8, 12, 14, 6, 16, 26, 42, 1, 11, 29, 55, 61, 70, 51, 37, 21, 53]', '2021-11-24 09:23:25.649643', 7),
	(72, '[63, 3, 7, 8, 12, 14, 6, 16, 26, 42, 1, 11, 29, 55, 61, 70, 51, 37, 21, 53]', '2021-11-24 09:23:35.137127', 7),
	(73, '[63, 3, 7, 8, 12, 14, 6, 16, 26, 42, 1, 11, 29, 55, 61, 70, 51, 37, 21, 53]', '2021-11-24 09:25:38.838234', 7),
	(74, '[63, 3, 7, 8, 12, 14, 6, 16, 26, 42, 1, 11, 29, 55, 61, 70, 51, 37, 21, 53]', '2021-11-24 09:25:48.088831', 7),
	(75, '[63, 3, 7, 8, 12, 14, 6, 16, 26, 42, 1, 11, 29, 55, 61, 70, 51, 37, 21, 53]', '2021-11-24 09:28:49.689582', 7),
	(76, '[63, 3, 7, 8, 12, 14, 6, 16, 26, 42, 1, 11, 29, 55, 61, 70, 51, 37, 21, 53]', '2021-11-24 09:28:52.198032', 7),
	(77, '[63, 3, 7, 8, 12, 14, 6, 16, 26, 42, 1, 11, 29, 55, 61, 70, 51, 37, 21, 53]', '2021-11-24 09:31:04.796108', 7),
	(78, '[63, 3, 7, 8, 12, 14, 6, 16, 26, 42, 1, 11, 29, 55, 61, 70, 51, 37, 21, 53]', '2021-11-24 09:32:12.828000', 7),
	(79, '[63, 3, 7, 8, 12, 14, 6, 16, 26, 42, 1, 11, 29, 55, 61, 70, 51, 37, 21, 53]', '2021-11-24 09:32:25.436979', 7),
	(80, '[63, 3, 7, 8, 12, 14, 6, 16, 26, 42, 1, 11, 29, 55, 61, 70, 51, 37, 21, 53]', '2021-11-24 09:33:44.019060', 7),
	(81, '[63, 3, 7, 8, 12, 14, 6, 16, 26, 42, 1, 11, 29, 55, 61, 70, 51, 37, 21, 53]', '2021-11-24 09:33:46.499867', 7),
	(82, '[63, 3, 7, 8, 12, 14, 6, 16, 26, 42, 1, 11, 29, 55, 61, 70, 51, 37, 21, 53]', '2021-11-24 09:33:53.181184', 7),
	(83, '[63, 3, 7, 8, 12, 14, 6, 16, 26, 42, 1, 11, 29, 55, 61, 70, 51, 37, 21, 53]', '2021-11-24 09:34:10.489863', 7),
	(84, '[63, 3, 7, 8, 12, 14, 6, 16, 26, 42, 1, 11, 29, 55, 61, 70, 51, 37, 21, 53]', '2021-11-24 09:37:17.584359', 7),
	(85, '[63, 3, 7, 8, 12, 14, 6, 16, 26, 42, 1, 11, 29, 55, 61, 70, 51, 37, 21, 53]', '2021-11-24 09:39:50.041948', 7),
	(86, '[63, 3, 7, 8, 12, 14, 6, 16, 26, 42, 1, 11, 29, 55, 61, 70, 51, 37, 21, 53]', '2021-11-24 09:40:28.420487', 7),
	(87, '[63, 3, 7, 8, 12, 14, 6, 16, 26, 42, 1, 11, 29, 55, 61, 70, 51, 37, 21, 53]', '2021-11-24 09:40:40.737289', 7),
	(88, '[63, 3, 7, 8, 12, 14, 6, 16, 26, 42, 1, 11, 29, 55, 61, 70, 51, 37, 21, 53]', '2021-11-24 09:42:07.991444', 7),
	(89, '[63, 3, 7, 8, 12, 14, 6, 16, 26, 42, 1, 11, 29, 55, 61, 70, 51, 37, 21, 53]', '2021-11-24 09:45:02.293337', 7),
	(90, '[63, 3, 7, 8, 12, 14, 6, 16, 26, 42, 1, 11, 29, 55, 61, 70, 51, 37, 21, 53]', '2021-11-24 09:46:14.837387', 7),
	(91, '[63, 3, 7, 8, 12, 14, 6, 16, 26, 42, 1, 11, 29, 55, 61, 70, 51, 37, 21, 53]', '2021-11-24 09:51:41.328587', 7),
	(92, '[63, 3, 7, 8, 12, 14, 6, 16, 26, 42, 1, 11, 29, 55, 61, 70, 51, 37, 21, 53]', '2021-11-24 10:00:56.847362', 7),
	(93, '[63, 3, 7, 8, 12, 14, 6, 16, 26, 42, 1, 11, 29, 55, 61, 70, 51, 37, 21, 53]', '2021-11-24 10:01:22.802904', 7),
	(94, '[63, 3, 7, 8, 12, 14, 6, 16, 26, 42, 1, 11, 29, 55, 61, 70, 51, 37, 21, 53]', '2021-11-24 10:01:45.280027', 7),
	(95, '[63, 3, 7, 8, 12, 14, 6, 16, 26, 42, 1, 11, 29, 55, 61, 70, 51, 37, 21, 53]', '2021-11-24 10:08:19.839653', 7),
	(96, '[63, 3, 7, 8, 12, 14, 6, 16, 26, 42, 1, 11, 29, 55, 61, 70, 51, 37, 21, 53]', '2021-11-24 10:08:22.186882', 7),
	(97, '[63, 3, 7, 8, 12, 14, 6, 16, 26, 42, 1, 11, 29, 55, 61, 70, 51, 37, 21, 53]', '2021-11-24 10:13:37.078756', 7),
	(98, '[63, 3, 7, 8, 12, 14, 6, 16, 26, 42, 1, 11, 29, 55, 61, 70, 51, 37, 21, 53]', '2021-11-24 10:13:39.477354', 7),
	(99, '[63, 3, 7, 8, 12, 14, 6, 16, 26, 42, 1, 11, 29, 55, 61, 70, 51, 37, 21, 53]', '2021-11-24 10:15:56.386538', 7),
	(100, '[63, 3, 7, 8, 12, 14, 6, 16, 26, 42, 1, 11, 29, 55, 61, 70, 51, 37, 21, 53]', '2021-11-24 10:16:01.589008', 7),
	(101, '[63, 3, 7, 8, 12, 14, 6, 16, 26, 42, 1, 11, 29, 55, 61, 70, 51, 37, 21, 53]', '2021-11-24 10:16:05.661223', 7),
	(102, '[63, 3, 7, 8, 12, 14, 6, 16, 26, 42, 1, 11, 29, 55, 61, 70, 51, 37, 21, 53]', '2021-11-24 10:16:10.293250', 7),
	(103, '[63, 3, 7, 8, 12, 14, 6, 16, 26, 42, 1, 11, 29, 55, 61, 70, 51, 37, 21, 53]', '2021-11-24 10:16:39.391730', 7),
	(104, '[63, 3, 7, 8, 12, 14, 6, 16, 26, 42, 1, 11, 29, 55, 61, 70, 51, 37, 21, 53]', '2021-11-24 10:23:14.867235', 7),
	(105, '[63, 3, 7, 8, 12, 278, 14, 6, 16, 26, 42, 1, 11, 29, 55, 61, 70, 51, 37, 21]', '2021-11-24 10:24:04.020652', 7),
	(106, '[63, 3, 7, 8, 12, 278, 14, 6, 16, 26, 42, 1, 11, 29, 55, 61, 70, 51, 37, 21]', '2021-11-24 10:28:45.703833', 7),
	(107, '[63, 3, 7, 8, 12, 278, 279, 14, 6, 16, 26, 42, 1, 11, 29, 55, 61, 70, 51, 21]', '2021-11-24 10:38:03.269781', 7),
	(108, '[63, 3, 7, 8, 12, 278, 279, 14, 6, 16, 26, 42, 1, 11, 29, 55, 61, 70, 51, 21]', '2021-11-24 10:40:39.956855', 7),
	(109, '[63, 3, 7, 8, 12, 278, 279, 14, 6, 16, 26, 42, 1, 11, 29, 55, 61, 70, 51, 21]', '2021-11-24 10:40:56.594586', 7),
	(110, '[63, 3, 7, 8, 12, 278, 279, 14, 6, 16, 26, 42, 1, 11, 29, 55, 61, 70, 51, 21]', '2021-11-24 10:41:39.383786', 7),
	(111, '[63, 3, 7, 8, 12, 278, 279, 14, 6, 16, 26, 42, 1, 11, 29, 55, 61, 70, 51, 21]', '2021-11-24 10:42:51.382103', 7),
	(112, '[63, 3, 7, 8, 12, 278, 279, 14, 6, 16, 26, 42, 1, 11, 29, 55, 61, 70, 51, 21]', '2021-11-24 10:43:13.542032', 7),
	(113, '[63, 3, 7, 8, 12, 278, 279, 14, 6, 16, 26, 42, 1, 11, 29, 55, 61, 70, 51, 21]', '2021-11-24 10:45:49.014228', 7),
	(114, '[63, 3, 7, 8, 12, 278, 279, 14, 6, 16, 26, 42, 1, 11, 29, 55, 61, 70, 51, 21]', '2021-11-24 10:47:15.996833', 7),
	(115, '[63, 3, 7, 8, 12, 278, 279, 14, 6, 16, 26, 42, 1, 11, 29, 55, 61, 70, 51, 21]', '2021-11-24 10:48:02.003856', 7),
	(116, '[63, 3, 7, 8, 12, 278, 279, 14, 6, 16, 26, 42, 1, 11, 29, 55, 61, 70, 51, 21]', '2021-11-24 10:48:47.496177', 7),
	(117, '[63, 3, 7, 8, 12, 278, 279, 14, 6, 16, 26, 42, 1, 11, 29, 55, 61, 70, 51, 21]', '2021-11-24 10:51:48.312463', 7),
	(118, '[63, 3, 7, 8, 12, 278, 279, 14, 6, 16, 26, 42, 1, 11, 29, 55, 61, 70, 51, 21]', '2021-11-24 11:02:46.106001', 7),
	(119, '[63, 3, 7, 8, 12, 278, 279, 14, 6, 16, 26, 42, 1, 11, 29, 55, 61, 70, 51, 21]', '2021-11-24 11:03:17.887407', 7),
	(120, '[53, 283, 67, 65, 51, 66, 41, 69, 46, 61, 26, 36, 17, 4, 15, 70, 57, 16, 1, 3]', '2021-11-24 14:07:11.448327', 283),
	(121, '[16, 55, 3, 45, 61, 70, 8, 1, 58, 17, 21, 6, 50, 14, 13, 26, 29, 39, 279, 280]', '2021-11-24 14:07:42.193159', 1),
	(122, '[53, 283, 67, 65, 51, 66, 41, 69, 46, 61, 26, 36, 17, 4, 15, 70, 57, 16, 1, 3]', '2021-11-24 14:07:46.856245', 283),
	(123, '[53, 283, 67, 65, 51, 66, 41, 69, 46, 61, 26, 36, 17, 4, 15, 70, 57, 16, 1, 3]', '2021-11-24 14:08:39.241107', 283),
	(124, '[53, 283, 67, 65, 51, 66, 41, 69, 46, 61, 26, 36, 17, 4, 15, 70, 57, 16, 1, 3]', '2021-11-24 14:08:56.134435', 283),
	(125, '[53, 283, 67, 65, 51, 66, 41, 69, 46, 61, 26, 36, 17, 4, 15, 70, 57, 16, 1, 3]', '2021-11-24 14:09:17.222929', 283),
	(126, '[53, 283, 67, 65, 51, 66, 41, 69, 46, 61, 26, 36, 17, 4, 15, 70, 57, 16, 1, 14]', '2021-11-24 14:15:40.301934', 283),
	(127, '[53, 283, 67, 65, 51, 66, 41, 69, 46, 61, 26, 36, 17, 4, 15, 70, 57, 16, 1, 14]', '2021-11-24 14:16:24.390431', 283),
	(128, '[53, 283, 67, 65, 51, 66, 41, 69, 46, 61, 26, 36, 17, 4, 15, 70, 57, 16, 1, 14]', '2021-11-24 14:16:50.747682', 283),
	(129, '[53, 283, 67, 65, 51, 66, 41, 69, 46, 61, 26, 36, 17, 4, 15, 70, 57, 16, 1, 14]', '2021-11-24 14:19:59.537149', 283),
	(130, '[53, 283, 67, 65, 51, 66, 41, 69, 46, 61, 26, 36, 17, 4, 15, 70, 57, 16, 1, 14]', '2021-11-24 14:20:31.526564', 283),
	(131, '[53, 283, 67, 65, 51, 66, 41, 69, 46, 61, 26, 36, 17, 4, 15, 70, 57, 16, 1, 14]', '2021-11-24 14:23:01.857141', 283),
	(132, '[53, 283, 67, 65, 51, 66, 41, 69, 46, 61, 26, 36, 17, 4, 15, 70, 57, 16, 1, 14]', '2021-11-24 14:23:44.358330', 283),
	(133, '[2, 62, 41, 46, 15, 35, 4, 32, 43, 68, 72, 10, 36, 53, 28, 52, 34, 56, 39, 58]', '2021-11-24 14:24:12.433545', 2),
	(134, '[5, 17, 63, 22, 49, 60, 59, 12, 9, 3, 23, 51, 33, 27, 50, 18, 2, 19, 28, 45]', '2021-11-24 14:24:19.379559', 5),
	(135, '[5, 17, 22, 59, 9, 12, 51, 23, 33, 60, 50, 18, 63, 45, 8, 27, 15, 49, 35, 46]', '2021-11-24 14:26:48.726328', 5),
	(136, '[6, 11, 15, 52, 46, 58, 8, 12, 59, 18, 13, 41, 53, 20, 61, 7, 62, 33, 24, 16]', '2021-11-24 14:26:55.749987', 6),
	(137, '[15, 24, 46, 58, 52, 11, 53, 61, 7, 62, 1, 8, 16, 13, 41, 49, 20, 31, 33, 37]', '2021-11-24 14:28:10.052900', 6),
	(138, '[53, 67, 65, 51, 66, 41, 69, 46, 61, 26, 36, 17, 4, 15, 57, 70, 16, 1, 55, 14]', '2021-11-24 14:28:15.604638', 283),
	(139, '[53, 67, 65, 51, 66, 41, 69, 46, 61, 26, 36, 17, 4, 15, 57, 70, 16, 1, 55, 14]', '2021-11-24 14:28:22.438534', 283),
	(140, '[53, 67, 65, 51, 66, 41, 69, 46, 61, 26, 36, 17, 4, 15, 57, 70, 16, 1, 55, 14]', '2021-11-24 14:33:24.729903', 283),
	(141, '[53, 67, 65, 51, 66, 41, 69, 46, 61, 26, 36, 17, 4, 15, 57, 70, 16, 1, 55, 14]', '2021-11-24 14:34:35.239270', 283),
	(142, '[53, 67, 65, 51, 66, 41, 69, 46, 61, 26, 36, 17, 4, 15, 57, 70, 16, 1, 55, 14]', '2021-11-24 14:35:30.854508', 283),
	(143, '[53, 67, 65, 51, 66, 41, 69, 46, 61, 26, 36, 17, 4, 15, 57, 70, 16, 1, 55, 14]', '2021-11-24 23:37:40.674717', 283),
	(144, '[53, 67, 65, 51, 66, 41, 69, 46, 61, 26, 36, 17, 4, 15, 57, 70, 16, 1, 55, 14]', '2021-11-24 23:39:13.190678', 283),
	(145, '[53, 67, 65, 51, 66, 41, 69, 46, 61, 26, 36, 17, 4, 15, 57, 70, 16, 1, 55, 14]', '2021-11-24 23:40:51.576094', 283),
	(146, '[53, 67, 65, 51, 66, 41, 69, 46, 61, 26, 36, 17, 4, 15, 57, 70, 16, 1, 55, 14]', '2021-11-24 23:42:38.108054', 283),
	(147, '[53, 67, 65, 51, 66, 41, 69, 46, 61, 26, 36, 17, 4, 15, 57, 70, 16, 1, 55, 14]', '2021-11-24 23:43:02.995112', 283),
	(148, '[53, 67, 65, 51, 66, 41, 69, 46, 61, 26, 36, 17, 4, 15, 57, 70, 16, 1, 55, 14]', '2021-11-24 23:46:04.552910', 283),
	(149, '[53, 67, 65, 51, 66, 41, 69, 46, 61, 26, 36, 17, 4, 15, 57, 70, 16, 1, 55, 14]', '2021-11-24 23:46:11.282164', 283),
	(150, '[53, 67, 65, 51, 66, 41, 69, 46, 61, 26, 36, 17, 4, 15, 57, 70, 16, 1, 55, 14]', '2021-11-24 23:50:29.887424', 283),
	(151, '[53, 67, 65, 51, 66, 41, 69, 46, 61, 26, 36, 17, 4, 15, 57, 70, 16, 1, 55, 14]', '2021-11-24 23:51:30.939169', 283),
	(152, '[53, 67, 65, 51, 66, 41, 69, 46, 61, 26, 36, 17, 4, 15, 57, 70, 16, 1, 55, 14]', '2021-11-24 23:51:33.541173', 283),
	(153, '[53, 67, 65, 51, 66, 41, 69, 46, 61, 26, 36, 17, 4, 15, 57, 70, 16, 1, 55, 14]', '2021-11-24 23:54:50.418098', 283),
	(154, '[53, 67, 65, 51, 66, 41, 69, 46, 61, 26, 36, 17, 4, 15, 57, 70, 16, 1, 55, 14]', '2021-11-24 23:54:55.546361', 283),
	(155, '[53, 67, 65, 51, 66, 41, 69, 46, 61, 26, 36, 17, 4, 15, 57, 70, 16, 1, 55, 14]', '2021-11-24 23:55:31.273568', 283),
	(156, '[53, 67, 65, 51, 66, 41, 69, 46, 61, 26, 36, 17, 4, 15, 57, 70, 16, 1, 55, 14]', '2021-11-24 23:55:41.277315', 283),
	(157, '[53, 67, 65, 51, 66, 41, 69, 46, 61, 26, 36, 17, 4, 15, 57, 70, 16, 1, 55, 14]', '2021-11-24 23:55:52.751702', 283),
	(158, '[53, 67, 65, 51, 66, 41, 69, 46, 61, 26, 36, 17, 4, 15, 57, 70, 16, 1, 55, 14]', '2021-11-24 23:56:25.116305', 283),
	(159, '[53, 67, 65, 51, 66, 41, 69, 46, 61, 26, 36, 17, 4, 15, 57, 70, 16, 1, 55, 14]', '2021-11-25 00:13:29.404980', 283),
	(160, '[53, 67, 65, 51, 66, 41, 69, 46, 61, 26, 36, 17, 4, 15, 57, 70, 16, 1, 55, 14]', '2021-11-25 00:14:07.463343', 283),
	(161, '[53, 67, 65, 51, 66, 41, 69, 46, 61, 26, 36, 17, 4, 15, 57, 70, 16, 1, 55, 14]', '2021-11-25 00:17:42.102764', 283),
	(162, '[53, 67, 65, 51, 66, 41, 69, 46, 61, 26, 36, 17, 4, 15, 57, 70, 16, 1, 55, 14]', '2021-11-25 00:47:44.447427', 283),
	(163, '[53, 67, 65, 51, 66, 41, 69, 46, 61, 26, 36, 17, 4, 15, 57, 70, 16, 1, 55, 14]', '2021-11-25 01:08:33.346051', 283),
	(164, '[53, 67, 65, 51, 66, 41, 69, 46, 61, 26, 36, 17, 4, 15, 57, 70, 16, 1, 55, 14]', '2021-11-25 01:28:30.193771', 283),
	(165, '[53, 67, 65, 51, 66, 41, 69, 46, 61, 26, 36, 17, 4, 15, 57, 70, 16, 1, 55, 14]', '2021-11-25 01:32:12.168376', 283),
	(166, '[36, 56, 47, 14, 57, 43, 55, 54, 44, 45, 18, 35, 2, 48, 20, 10, 38, 41, 15, 52]', '2021-11-25 01:38:37.889659', 4),
	(167, '[36, 56, 47, 14, 57, 43, 55, 54, 44, 45, 18, 35, 2, 48, 20, 10, 38, 41, 15, 52]', '2021-11-25 01:52:58.528512', 4),
	(168, '[36, 56, 47, 14, 57, 43, 55, 54, 44, 45, 18, 35, 2, 48, 20, 10, 38, 41, 15, 52]', '2021-11-25 01:54:15.846647', 4),
	(169, '[36, 56, 47, 14, 57, 43, 55, 54, 44, 45, 18, 35, 2, 48, 20, 10, 38, 41, 15, 52]', '2021-11-25 02:02:23.093695', 4),
	(170, '[36, 56, 47, 14, 57, 43, 55, 54, 44, 45, 18, 35, 2, 48, 20, 10, 38, 41, 15, 52]', '2021-11-25 02:03:55.805011', 4),
	(171, '[36, 56, 47, 14, 57, 43, 55, 54, 44, 45, 18, 35, 2, 48, 20, 10, 38, 41, 15, 52]', '2021-11-25 02:08:37.754390', 4),
	(172, '[36, 56, 47, 14, 57, 43, 55, 54, 44, 45, 18, 35, 2, 48, 20, 10, 38, 41, 15, 52]', '2021-11-25 02:09:24.711024', 4),
	(173, '[36, 56, 47, 14, 57, 43, 55, 54, 44, 45, 18, 35, 2, 48, 20, 10, 38, 41, 15, 52]', '2021-11-25 02:11:01.829687', 4),
	(174, '[36, 56, 47, 14, 57, 43, 55, 54, 44, 45, 18, 35, 2, 48, 20, 10, 38, 41, 15, 52]', '2021-11-25 02:14:35.385462', 4),
	(175, '[36, 56, 47, 14, 57, 43, 55, 54, 44, 45, 18, 35, 2, 48, 20, 10, 38, 41, 15, 52]', '2021-11-25 02:15:59.768077', 4),
	(176, '[36, 56, 47, 14, 57, 43, 55, 54, 44, 45, 18, 35, 2, 48, 20, 10, 38, 41, 15, 52]', '2021-11-25 02:16:41.627580', 4),
	(177, '[36, 56, 47, 14, 57, 43, 55, 54, 44, 45, 18, 35, 2, 48, 20, 10, 38, 41, 15, 52]', '2021-11-25 02:17:33.670227', 4),
	(178, '[36, 56, 47, 14, 57, 43, 55, 54, 44, 45, 18, 35, 2, 48, 20, 10, 38, 41, 15, 52]', '2021-11-25 02:19:02.227385', 4),
	(179, '[36, 56, 47, 14, 57, 43, 55, 54, 44, 45, 18, 35, 2, 48, 20, 10, 38, 41, 15, 52]', '2021-11-25 02:25:46.058725', 4),
	(180, '[36, 56, 47, 14, 57, 43, 55, 54, 44, 45, 18, 35, 2, 48, 20, 10, 38, 41, 15, 52]', '2021-11-25 02:25:59.422854', 4),
	(181, '[36, 56, 47, 14, 57, 43, 55, 54, 44, 45, 18, 35, 2, 48, 20, 10, 38, 41, 15, 52]', '2021-11-25 02:27:33.926926', 4),
	(182, '[36, 56, 47, 14, 57, 43, 55, 54, 44, 45, 18, 35, 2, 48, 20, 10, 38, 41, 15, 52]', '2021-11-25 02:28:09.220368', 4),
	(183, '[36, 56, 47, 14, 57, 43, 55, 54, 44, 45, 18, 35, 2, 48, 20, 10, 38, 41, 15, 52]', '2021-11-25 02:28:32.247809', 4),
	(184, '[36, 56, 47, 14, 57, 43, 55, 54, 44, 45, 18, 35, 2, 48, 20, 10, 38, 41, 15, 52]', '2021-11-25 02:29:05.710056', 4),
	(185, '[36, 56, 47, 14, 57, 43, 55, 54, 44, 45, 18, 35, 2, 48, 20, 10, 38, 41, 15, 52]', '2021-11-25 02:29:58.229081', 4),
	(186, '[36, 56, 47, 14, 57, 43, 55, 54, 44, 45, 18, 35, 2, 48, 20, 10, 38, 41, 15, 52]', '2021-11-25 02:30:39.231021', 4),
	(187, '[27, 19, 13, 58, 8, 37, 45, 49, 41, 1, 48, 5, 39, 23, 17, 11, 15, 44, 18, 57]', '2021-11-25 02:45:31.525450', 20),
	(188, '[27, 19, 13, 58, 8, 37, 45, 49, 41, 1, 48, 5, 39, 23, 17, 11, 15, 44, 18, 57]', '2021-11-25 02:45:42.470578', 20),
	(189, '[67, 50, 70, 45, 61, 14, 16, 21, 1, 55, 47, 8, 29, 25, 58, 6, 37, 19, 26, 39]', '2021-11-25 02:51:18.130811', 285),
	(190, '[67, 50, 70, 45, 61, 14, 16, 21, 1, 55, 47, 8, 29, 25, 58, 6, 37, 19, 26, 39]', '2021-11-25 02:51:18.345810', 285),
	(191, '[67, 50, 70, 45, 61, 14, 16, 21, 1, 55, 47, 8, 29, 25, 58, 6, 37, 19, 26, 39]', '2021-11-25 02:56:16.867828', 285),
	(192, '[67, 50, 70, 45, 61, 14, 16, 21, 1, 55, 47, 8, 29, 25, 58, 6, 37, 19, 26, 39]', '2021-11-25 02:59:09.415370', 285),
	(193, '[67, 50, 70, 45, 61, 14, 16, 21, 1, 55, 47, 8, 29, 25, 58, 6, 37, 19, 26, 39]', '2021-11-25 10:27:29.688759', 285),
	(194, '[67, 50, 70, 45, 61, 14, 16, 21, 1, 55, 47, 8, 29, 25, 58, 6, 37, 19, 26, 39]', '2021-11-25 10:29:47.731932', 285),
	(195, '[67, 50, 70, 45, 61, 14, 16, 21, 1, 55, 47, 8, 29, 25, 58, 6, 37, 19, 26, 39]', '2021-11-25 10:31:22.131282', 285),
	(196, '[67, 50, 70, 45, 61, 14, 16, 21, 1, 55, 47, 8, 29, 25, 58, 6, 37, 19, 26, 39]', '2021-11-25 10:37:21.817950', 285),
	(197, '[67, 50, 70, 45, 61, 14, 16, 21, 1, 55, 47, 8, 29, 25, 58, 6, 37, 19, 26, 39]', '2021-11-25 10:37:56.580789', 285),
	(198, '[67, 50, 70, 45, 61, 14, 16, 21, 1, 55, 47, 8, 29, 25, 58, 6, 37, 19, 26, 39]', '2021-11-25 10:38:01.556933', 285),
	(199, '[67, 50, 70, 45, 61, 14, 16, 21, 1, 55, 47, 8, 29, 25, 58, 6, 37, 19, 26, 39]', '2021-11-25 10:38:33.877259', 285),
	(200, '[67, 50, 70, 45, 61, 14, 16, 21, 1, 55, 47, 8, 29, 25, 58, 6, 37, 19, 26, 39]', '2021-11-25 11:59:36.122896', 285),
	(201, '[67, 50, 70, 45, 61, 14, 16, 21, 1, 55, 47, 8, 29, 25, 58, 6, 37, 19, 26, 39]', '2021-11-25 12:00:52.894097', 285),
	(202, '[67, 50, 70, 45, 61, 14, 16, 21, 1, 55, 47, 8, 29, 25, 58, 6, 37, 19, 26, 39]', '2021-11-25 12:00:58.789920', 285),
	(203, '[67, 50, 70, 45, 61, 14, 16, 21, 1, 55, 47, 8, 29, 25, 58, 6, 37, 19, 26, 39]', '2021-11-25 12:01:10.440718', 285),
	(204, '[67, 50, 70, 45, 61, 14, 16, 21, 1, 55, 47, 8, 29, 25, 58, 6, 37, 19, 26, 39]', '2021-11-25 12:02:31.825161', 285),
	(205, '[67, 50, 70, 45, 61, 14, 16, 21, 1, 55, 47, 8, 29, 25, 58, 6, 37, 19, 26, 39]', '2021-11-25 12:04:07.128538', 285),
	(206, '[67, 50, 70, 45, 61, 14, 16, 21, 1, 55, 47, 8, 29, 25, 58, 6, 37, 19, 26, 39]', '2021-11-25 12:06:36.135875', 285),
	(207, '[67, 50, 70, 45, 61, 14, 16, 21, 1, 55, 47, 8, 29, 25, 58, 6, 37, 19, 26, 39]', '2021-11-25 12:06:46.894164', 285),
	(208, '[67, 50, 70, 45, 61, 14, 16, 21, 1, 55, 47, 8, 29, 25, 58, 6, 37, 19, 26, 39]', '2021-11-25 12:08:07.858002', 285),
	(209, '[67, 50, 70, 45, 61, 14, 16, 21, 1, 55, 47, 8, 29, 25, 58, 6, 37, 19, 26, 39]', '2021-11-25 12:08:14.187025', 285),
	(210, '[67, 50, 70, 45, 61, 14, 16, 21, 1, 55, 47, 8, 29, 25, 58, 6, 37, 19, 26, 39]', '2021-11-25 12:08:24.992734', 285),
	(211, '[67, 50, 70, 45, 61, 14, 16, 21, 1, 55, 47, 8, 29, 25, 58, 6, 37, 19, 26, 39]', '2021-11-25 12:09:08.452898', 285),
	(212, '[67, 50, 70, 45, 61, 14, 16, 21, 1, 55, 47, 8, 29, 25, 58, 6, 37, 19, 26, 39]', '2021-11-25 12:09:28.152789', 285),
	(213, '[67, 50, 70, 45, 61, 14, 16, 21, 1, 55, 47, 8, 29, 25, 58, 6, 37, 19, 26, 39]', '2021-11-25 12:09:31.226795', 285),
	(214, '[67, 50, 70, 45, 61, 14, 16, 21, 1, 55, 47, 8, 29, 25, 58, 6, 37, 19, 26, 39]', '2021-11-25 12:10:32.382641', 285),
	(215, '[67, 50, 70, 45, 61, 14, 16, 21, 1, 55, 47, 8, 29, 25, 58, 6, 37, 19, 26, 39]', '2021-11-25 12:13:25.720564', 285),
	(216, '[67, 50, 70, 45, 61, 14, 16, 21, 1, 55, 47, 8, 29, 25, 58, 6, 37, 19, 26, 39]', '2021-11-25 13:00:32.729238', 285),
	(217, '[67, 50, 70, 45, 61, 14, 16, 21, 1, 55, 47, 8, 29, 25, 58, 6, 37, 19, 26, 39]', '2021-11-25 13:01:22.640397', 285),
	(218, '[67, 50, 70, 45, 61, 14, 16, 21, 1, 55, 47, 8, 29, 25, 58, 6, 37, 19, 26, 39]', '2021-11-25 13:14:18.416336', 285),
	(219, '[67, 50, 70, 45, 61, 14, 16, 21, 1, 55, 47, 8, 29, 25, 58, 6, 37, 19, 26, 39]', '2021-11-25 13:16:13.989434', 285),
	(220, '[67, 50, 70, 45, 61, 14, 16, 21, 1, 55, 47, 8, 29, 25, 58, 6, 37, 19, 26, 39]', '2021-11-25 13:16:34.047498', 285),
	(221, '[67, 50, 70, 45, 61, 14, 16, 21, 1, 55, 47, 8, 29, 25, 58, 6, 37, 19, 26, 39]', '2021-11-25 13:23:13.113084', 285),
	(222, '[67, 50, 70, 45, 61, 14, 16, 21, 1, 55, 47, 8, 29, 25, 58, 6, 37, 19, 26, 39]', '2021-11-25 13:27:49.613708', 285),
	(223, '[67, 50, 70, 45, 61, 14, 16, 21, 1, 55, 47, 8, 29, 25, 58, 6, 37, 19, 26, 39]', '2021-11-25 13:32:23.504351', 285),
	(224, '[67, 50, 70, 45, 61, 14, 16, 21, 1, 55, 47, 8, 29, 25, 58, 6, 37, 19, 26, 39]', '2021-11-25 13:38:43.955315', 285),
	(225, '[67, 50, 70, 45, 61, 14, 16, 21, 1, 55, 47, 8, 29, 25, 58, 6, 37, 19, 26, 39]', '2021-11-25 13:40:30.864417', 285),
	(226, '[67, 50, 70, 45, 61, 14, 16, 21, 1, 55, 47, 8, 29, 25, 58, 6, 37, 19, 26, 39]', '2021-11-25 13:40:56.590098', 285),
	(227, '[67, 50, 70, 45, 61, 14, 16, 21, 1, 55, 47, 8, 29, 25, 58, 6, 37, 19, 26, 39]', '2021-11-25 13:42:08.627414', 285),
	(228, '[67, 50, 70, 45, 61, 14, 16, 21, 1, 55, 47, 8, 29, 25, 58, 6, 37, 19, 26, 39]', '2021-11-25 13:42:21.090613', 285),
	(229, '[67, 50, 70, 45, 61, 14, 16, 21, 1, 55, 47, 8, 29, 25, 58, 6, 37, 19, 26, 39]', '2021-11-25 13:42:32.120824', 285),
	(230, '[67, 50, 70, 45, 61, 14, 16, 21, 1, 55, 47, 8, 29, 25, 58, 6, 37, 19, 26, 39]', '2021-11-25 13:43:35.303357', 285),
	(231, '[58, 30, 25, 59, 21, 60, 52, 70, 37, 43, 14, 280, 9, 22, 48, 29, 27, 3, 64, 69]', '2021-11-25 05:05:48.262242', 3),
	(232, '[67, 50, 70, 45, 61, 14, 16, 21, 1, 55, 47, 8, 29, 25, 58, 6, 37, 19, 26, 39]', '2021-11-25 18:02:56.886476', 285),
	(233, '[67, 50, 70, 45, 61, 14, 16, 21, 1, 55, 47, 8, 29, 25, 58, 6, 37, 19, 26, 39]', '2021-11-25 18:03:13.220164', 285),
	(234, '[67, 50, 70, 45, 61, 14, 16, 21, 1, 55, 47, 8, 29, 25, 58, 6, 37, 19, 26, 39]', '2021-11-25 18:12:26.503775', 285),
	(235, '[53, 70, 14, 4, 41, 16, 69, 51, 61, 34, 65, 55, 15, 32, 283, 6, 45, 285, 57, 58]', '2021-11-25 20:40:46.928408', 67),
	(236, '[67, 50, 70, 45, 61, 14, 16, 21, 1, 55, 47, 8, 29, 25, 58, 6, 37, 19, 26, 39]', '2021-11-25 22:35:23.311251', 285),
	(237, '[67, 50, 70, 45, 61, 14, 16, 21, 1, 55, 47, 8, 29, 25, 58, 6, 37, 19, 26, 39]', '2021-11-25 22:35:43.048259', 285),
	(238, '[67, 50, 70, 45, 61, 14, 16, 21, 1, 55, 47, 8, 29, 25, 58, 6, 37, 19, 26, 39]', '2021-11-25 22:35:45.785253', 285),
	(239, '[67, 50, 70, 45, 61, 14, 16, 21, 1, 55, 47, 8, 29, 25, 58, 6, 37, 19, 26, 39]', '2021-11-25 22:36:34.083284', 285),
	(240, '[67, 50, 70, 45, 61, 14, 16, 21, 1, 55, 47, 8, 29, 25, 58, 6, 37, 19, 26, 39]', '2021-11-25 22:44:03.010184', 285),
	(241, '[67, 50, 70, 45, 61, 14, 16, 21, 1, 55, 47, 8, 29, 25, 58, 6, 37, 19, 26, 39]', '2021-11-25 22:44:12.039017', 285),
	(242, '[53, 70, 14, 4, 41, 16, 69, 51, 61, 34, 65, 55, 15, 32, 283, 6, 45, 285, 57, 58]', '2021-11-25 22:51:38.152334', 67),
	(243, '[53, 70, 14, 4, 41, 16, 69, 51, 61, 34, 65, 55, 15, 32, 283, 6, 45, 285, 57, 58]', '2021-11-25 22:53:58.906159', 67),
	(244, '[53, 70, 14, 4, 41, 16, 69, 51, 61, 34, 65, 55, 15, 32, 283, 6, 45, 285, 57, 58]', '2021-11-25 22:55:20.447352', 67),
	(245, '[53, 70, 14, 4, 41, 16, 69, 51, 61, 34, 65, 55, 15, 32, 283, 6, 45, 285, 57, 58]', '2021-11-25 22:56:47.092189', 67),
	(246, '[53, 70, 14, 4, 41, 16, 69, 51, 61, 34, 65, 55, 15, 32, 283, 6, 45, 285, 57, 58]', '2021-11-25 23:02:34.638428', 67),
	(247, '[53, 70, 14, 4, 41, 16, 69, 51, 61, 34, 65, 55, 15, 32, 283, 6, 45, 285, 57, 58]', '2021-11-25 23:04:07.608121', 67),
	(248, '[53, 70, 14, 4, 41, 16, 69, 51, 61, 34, 65, 55, 15, 32, 283, 6, 45, 285, 57, 58]', '2021-11-25 23:05:50.399013', 67),
	(249, '[53, 70, 14, 4, 41, 16, 69, 51, 61, 34, 65, 55, 15, 32, 283, 6, 45, 285, 57, 58]', '2021-11-25 23:11:42.849512', 67),
	(250, '[53, 70, 14, 4, 41, 16, 69, 51, 61, 34, 65, 55, 15, 32, 283, 6, 45, 285, 57, 58]', '2021-11-25 23:13:30.887058', 67),
	(251, '[53, 70, 14, 4, 41, 16, 69, 51, 61, 34, 65, 55, 15, 32, 283, 6, 45, 285, 57, 58]', '2021-11-25 23:14:06.983347', 67),
	(252, '[53, 70, 14, 4, 41, 16, 69, 51, 61, 34, 65, 55, 15, 32, 283, 6, 45, 285, 57, 58]', '2021-11-25 23:14:22.873349', 67),
	(253, '[53, 70, 14, 4, 41, 16, 69, 51, 61, 34, 65, 55, 15, 32, 283, 6, 45, 285, 57, 58]', '2021-11-25 23:27:05.113115', 67),
	(254, '[53, 70, 14, 4, 41, 16, 69, 51, 61, 34, 65, 55, 15, 32, 283, 6, 45, 285, 57, 58]', '2021-11-25 23:28:27.911817', 67),
	(255, '[53, 70, 14, 4, 41, 16, 69, 51, 61, 34, 65, 55, 15, 32, 283, 6, 45, 285, 57, 58]', '2021-11-25 23:29:16.929942', 67),
	(256, '[53, 70, 14, 4, 41, 16, 69, 51, 61, 34, 65, 55, 15, 32, 283, 6, 45, 285, 57, 58]', '2021-11-25 23:29:49.498896', 67),
	(257, '[53, 70, 14, 4, 41, 16, 69, 51, 61, 34, 65, 55, 15, 32, 283, 6, 45, 285, 57, 58]', '2021-11-25 23:34:59.236098', 67),
	(258, '[53, 70, 14, 4, 41, 16, 69, 51, 61, 34, 65, 55, 15, 32, 283, 6, 45, 285, 57, 58]', '2021-11-25 23:35:34.254661', 67),
	(259, '[67, 50, 70, 45, 61, 14, 16, 21, 1, 55, 47, 8, 29, 25, 58, 6, 37, 19, 26, 39]', '2021-11-26 04:13:54.579205', 285),
	(260, '[67, 50, 70, 45, 61, 14, 16, 21, 1, 55, 47, 8, 29, 25, 58, 6, 37, 19, 26, 39]', '2021-11-26 04:14:26.945890', 285),
	(261, '[67, 50, 70, 45, 61, 14, 16, 21, 1, 55, 47, 8, 29, 25, 58, 6, 37, 19, 26, 39]', '2021-11-26 04:27:07.728586', 285),
	(262, '[48, 16, 285, 21, 55, 33, 26, 14, 11, 1, 61, 49, 47, 6, 17, 67, 29, 45, 42, 58]', '2021-11-26 04:31:51.539225', 70),
	(263, '[67, 50, 70, 45, 61, 14, 16, 21, 1, 55, 47, 8, 29, 25, 58, 6, 37, 19, 26, 39]', '2021-11-26 04:43:56.745477', 285),
	(264, '[67, 50, 70, 45, 61, 14, 16, 21, 1, 55, 47, 8, 29, 25, 58, 6, 37, 19, 26, 39]', '2021-11-26 04:44:23.447184', 285),
	(265, '[67, 50, 70, 45, 61, 14, 16, 21, 1, 55, 47, 8, 29, 25, 58, 6, 37, 19, 26, 39]', '2021-11-26 04:49:18.448959', 285),
	(266, '[67, 50, 70, 45, 61, 14, 16, 21, 1, 55, 47, 8, 29, 25, 58, 6, 37, 19, 26, 39]', '2021-11-26 05:04:51.690614', 285),
	(267, '[67, 50, 70, 45, 61, 14, 16, 21, 1, 55, 47, 8, 29, 25, 58, 6, 37, 19, 26, 39]', '2021-11-26 05:04:59.399988', 285),
	(268, '[67, 50, 70, 45, 61, 14, 16, 21, 1, 55, 47, 8, 29, 25, 58, 6, 37, 19, 26, 39]', '2021-11-26 05:05:15.144588', 285),
	(269, '[67, 50, 70, 45, 61, 14, 16, 21, 1, 55, 47, 8, 29, 25, 58, 6, 37, 19, 26, 39]', '2021-11-26 05:06:08.169162', 285),
	(270, '[67, 50, 70, 45, 61, 14, 16, 21, 1, 55, 47, 8, 29, 25, 58, 6, 37, 19, 26, 39]', '2021-11-26 05:08:08.171815', 285),
	(271, '[67, 50, 70, 45, 61, 14, 16, 21, 1, 55, 47, 8, 29, 25, 58, 6, 37, 19, 26, 39]', '2021-11-26 05:12:20.563628', 285),
	(272, '[67, 50, 70, 45, 61, 14, 16, 21, 1, 55, 47, 8, 29, 25, 58, 6, 37, 19, 26, 39]', '2021-11-26 05:12:26.687299', 285),
	(273, '[67, 50, 70, 45, 61, 14, 16, 21, 1, 55, 47, 8, 29, 25, 58, 6, 37, 19, 26, 39]', '2021-11-26 05:12:31.106897', 285),
	(274, '[67, 50, 70, 45, 61, 14, 16, 21, 1, 55, 47, 8, 29, 25, 58, 6, 37, 19, 26, 39]', '2021-11-26 05:13:36.256079', 285),
	(275, '[61, 55, 47, 16, 8, 17, 70, 1, 14, 26, 6, 58, 21, 27, 13, 29, 11, 7, 279, 280]', '2021-11-26 05:13:47.678784', 45),
	(276, '[67, 50, 70, 45, 61, 14, 16, 21, 1, 55, 47, 8, 29, 25, 58, 6, 37, 19, 26, 39]', '2021-11-26 05:23:47.774852', 285),
	(277, '[67, 50, 70, 45, 61, 14, 16, 21, 1, 55, 47, 8, 29, 25, 58, 6, 37, 19, 26, 39]', '2021-11-26 05:25:12.379376', 285),
	(278, '[61, 55, 47, 16, 8, 17, 70, 1, 14, 26, 6, 58, 21, 27, 13, 29, 11, 7, 279, 280]', '2021-11-26 05:27:38.061475', 45),
	(279, '[67, 50, 70, 45, 61, 14, 16, 21, 1, 55, 47, 8, 29, 25, 58, 6, 37, 19, 26, 39]', '2021-11-26 05:30:46.904357', 285),
	(280, '[67, 50, 70, 45, 61, 14, 16, 21, 1, 55, 47, 8, 29, 25, 58, 6, 37, 19, 26, 39]', '2021-11-26 05:30:54.781846', 285),
	(281, '[67, 50, 70, 45, 61, 14, 16, 21, 1, 55, 47, 8, 29, 25, 58, 6, 37, 19, 26, 39]', '2021-11-26 05:33:23.859365', 285),
	(282, '[67, 50, 70, 45, 61, 14, 16, 21, 1, 55, 47, 8, 29, 25, 58, 6, 37, 19, 26, 39]', '2021-11-26 05:36:31.665013', 285),
	(283, '[61, 55, 47, 16, 8, 17, 70, 1, 14, 26, 6, 58, 21, 27, 13, 29, 11, 7, 279, 280]', '2021-11-26 05:36:31.949968', 45),
	(284, '[61, 55, 47, 16, 8, 17, 70, 1, 14, 26, 6, 58, 21, 27, 13, 29, 11, 7, 279, 280]', '2021-11-26 05:44:23.791997', 45),
	(285, '[67, 50, 70, 45, 61, 14, 16, 21, 1, 55, 47, 8, 29, 25, 58, 6, 37, 19, 26, 39]', '2021-11-26 05:44:31.864353', 285),
	(286, '[61, 55, 47, 16, 8, 17, 70, 1, 14, 26, 6, 58, 21, 27, 13, 29, 11, 7, 279, 280]', '2021-11-26 05:44:41.086701', 45),
	(287, '[67, 50, 70, 45, 61, 14, 16, 21, 1, 55, 47, 8, 29, 25, 58, 6, 37, 19, 26, 39]', '2021-11-26 05:45:43.370049', 285),
	(288, '[67, 50, 70, 45, 61, 14, 16, 21, 1, 55, 47, 8, 29, 25, 58, 6, 37, 19, 26, 39]', '2021-11-26 05:49:20.762167', 285),
	(289, '[5, 22, 18, 52, 58, 72, 60, 9, 2, 63, 42, 21, 59, 25, 50, 39, 54, 30, 11, 43]', '2021-11-26 05:53:25.102655', 286),
	(290, '[5, 22, 18, 52, 58, 72, 60, 9, 2, 63, 42, 21, 59, 25, 50, 39, 54, 30, 11, 43]', '2021-11-26 05:54:42.336827', 286),
	(291, '[5, 22, 18, 52, 58, 72, 60, 9, 2, 63, 42, 21, 59, 25, 50, 39, 54, 30, 11, 43]', '2021-11-26 05:54:46.359842', 286),
	(292, '[5, 22, 18, 52, 58, 72, 60, 9, 2, 63, 42, 21, 59, 25, 50, 39, 54, 30, 11, 43]', '2021-11-26 05:54:49.729844', 286),
	(293, '[5, 22, 18, 52, 58, 72, 60, 9, 2, 63, 42, 21, 59, 25, 50, 39, 54, 30, 11, 43]', '2021-11-26 05:55:01.639208', 286),
	(294, '[5, 22, 18, 52, 58, 72, 60, 9, 2, 63, 42, 21, 59, 25, 50, 39, 54, 30, 11, 43]', '2021-11-26 05:55:08.636358', 286),
	(295, '[5, 22, 18, 52, 58, 72, 60, 9, 2, 63, 42, 21, 59, 25, 50, 39, 54, 30, 11, 43]', '2021-11-26 05:55:22.120018', 286),
	(296, '[39, 283, 285, 12, 50, 26, 1, 61, 11, 14, 22, 70, 6, 48, 16, 37, 21, 8, 55, 45]', '2021-11-26 05:58:57.194383', 287),
	(297, '[39, 283, 285, 12, 50, 26, 1, 61, 11, 14, 22, 70, 6, 48, 16, 37, 21, 8, 55, 45]', '2021-11-26 05:58:57.396347', 287),
	(298, '[61, 55, 47, 16, 8, 17, 70, 1, 26, 14, 287, 6, 58, 21, 27, 13, 29, 11, 7, 280]', '2021-11-26 06:01:57.539969', 45),
	(299, '[39, 283, 285, 12, 50, 26, 1, 61, 11, 14, 22, 70, 6, 48, 16, 37, 21, 8, 55, 45]', '2021-11-26 06:02:24.178519', 287),
	(300, '[39, 283, 285, 12, 50, 26, 1, 61, 11, 14, 22, 70, 6, 48, 16, 37, 21, 8, 55, 45]', '2021-11-26 06:03:06.553856', 287),
	(311, '[67, 50, 288, 70, 45, 61, 14, 16, 21, 1, 55, 47, 8, 29, 58, 25, 289, 6, 37, 19]', '2021-11-26 12:36:41.891590', 285),
	(312, '[67, 50, 288, 70, 45, 61, 14, 16, 21, 1, 55, 47, 8, 29, 58, 25, 289, 6, 37, 19]', '2021-11-26 12:36:57.669511', 285),
	(313, '[67, 50, 288, 70, 45, 61, 14, 16, 21, 1, 55, 47, 8, 29, 58, 25, 289, 6, 37, 19]', '2021-11-26 12:37:38.688493', 285),
	(314, '[67, 50, 288, 70, 45, 61, 14, 16, 21, 1, 55, 47, 8, 29, 58, 25, 289, 6, 37, 19]', '2021-11-26 12:40:29.405186', 285),
	(315, '[67, 50, 288, 70, 45, 61, 14, 16, 21, 1, 55, 47, 8, 29, 58, 25, 289, 6, 37, 19]', '2021-11-26 12:40:34.765943', 285),
	(316, '[67, 50, 288, 70, 45, 61, 14, 16, 21, 1, 55, 47, 8, 29, 58, 25, 289, 6, 37, 19]', '2021-11-26 12:41:33.774797', 285),
	(317, '[67, 50, 288, 70, 45, 61, 14, 16, 21, 1, 55, 47, 8, 29, 58, 25, 289, 6, 37, 19]', '2021-11-26 12:41:58.124428', 285),
	(318, '[67, 50, 288, 70, 45, 61, 14, 16, 21, 1, 55, 47, 8, 29, 58, 25, 289, 6, 37, 19]', '2021-11-26 12:42:05.156781', 285),
	(319, '[67, 288, 50, 70, 45, 61, 14, 16, 21, 1, 55, 47, 8, 29, 6, 58, 25, 37, 19, 26]', '2021-11-26 12:46:47.157231', 285),
	(320, '[67, 288, 50, 70, 45, 61, 14, 16, 21, 1, 55, 47, 8, 29, 6, 58, 25, 37, 19, 26]', '2021-11-26 12:46:54.243819', 285),
	(321, '[67, 288, 50, 70, 45, 61, 14, 16, 21, 1, 55, 47, 8, 29, 6, 58, 25, 37, 19, 26]', '2021-11-26 12:47:00.919288', 285),
	(322, '[67, 288, 50, 70, 45, 61, 14, 16, 21, 1, 55, 47, 8, 29, 6, 58, 25, 37, 19, 26]', '2021-11-26 12:47:06.184982', 285),
	(323, '[67, 288, 50, 70, 45, 61, 14, 16, 21, 1, 55, 47, 8, 29, 6, 58, 25, 37, 19, 26]', '2021-11-26 12:47:39.515880', 285),
	(324, '[67, 288, 50, 70, 45, 61, 14, 16, 21, 1, 55, 47, 8, 29, 6, 58, 25, 37, 19, 26]', '2021-11-26 12:47:49.550232', 285),
	(325, '[67, 50, 70, 45, 61, 14, 16, 21, 1, 55, 47, 8, 29, 58, 25, 6, 37, 19, 26, 39]', '2021-11-26 12:49:29.800012', 285),
	(326, '[67, 50, 70, 45, 61, 14, 16, 21, 1, 55, 47, 8, 29, 58, 25, 6, 37, 19, 26, 39]', '2021-11-26 12:49:46.211775', 285),
	(327, '[67, 50, 70, 45, 61, 14, 16, 21, 1, 55, 47, 8, 29, 58, 25, 6, 37, 19, 26, 39]', '2021-11-26 12:53:36.960326', 285),
	(328, '[67, 50, 70, 45, 61, 14, 16, 21, 1, 55, 47, 8, 29, 58, 25, 6, 37, 19, 26, 39]', '2021-11-26 12:53:47.550078', 285),
	(329, '[67, 50, 70, 45, 61, 14, 16, 21, 1, 55, 47, 8, 29, 58, 25, 6, 37, 19, 26, 39]', '2021-11-26 12:53:51.445077', 285),
	(330, '[285, 67, 50, 1, 22, 14, 11, 70, 48, 16, 287, 6, 21, 44, 55, 26, 33, 47, 49, 29]', '2021-11-26 13:07:06.133461', 290),
	(331, '[285, 67, 50, 1, 22, 14, 11, 70, 48, 16, 287, 6, 21, 44, 55, 26, 33, 47, 49, 29]', '2021-11-26 13:07:28.896781', 290),
	(332, '[285, 67, 50, 1, 22, 14, 11, 70, 48, 16, 287, 6, 21, 44, 55, 26, 33, 47, 49, 29]', '2021-11-26 13:08:04.780342', 290),
	(333, '[67, 50, 70, 45, 61, 14, 16, 21, 1, 55, 47, 8, 29, 6, 58, 25, 37, 19, 26, 290]', '2021-11-26 13:09:23.036051', 285),
	(334, '[285, 6, 37, 26, 70, 50, 287, 61, 11, 63, 16, 1, 55, 7, 8, 290, 39, 58, 14, 48]', '2021-11-26 13:13:57.894586', 291),
	(335, '[285, 6, 37, 26, 70, 50, 287, 61, 11, 63, 16, 1, 55, 7, 8, 290, 39, 58, 14, 48]', '2021-11-26 13:13:58.117559', 291),
	(336, '[285, 6, 37, 26, 70, 50, 287, 61, 11, 63, 16, 1, 55, 7, 8, 290, 39, 58, 14, 48]', '2021-11-26 13:14:46.913444', 291),
	(337, '[285, 6, 37, 26, 70, 50, 287, 61, 11, 63, 16, 1, 55, 7, 8, 290, 39, 58, 14, 48]', '2021-11-26 13:14:58.719635', 291),
	(338, '[285, 6, 37, 26, 70, 50, 287, 61, 11, 63, 16, 1, 55, 7, 8, 290, 39, 58, 14, 48]', '2021-11-26 13:15:05.483644', 291),
	(339, '[67, 50, 70, 45, 61, 14, 16, 21, 1, 55, 47, 8, 29, 6, 58, 25, 37, 19, 290, 26]', '2021-11-26 13:18:21.535374', 285),
	(340, '[26, 1, 61, 11, 70, 287, 6, 16, 8, 55, 285, 47, 45, 48, 63, 21, 12, 58, 291, 42]', '2021-11-26 13:34:14.535479', 292),
	(341, '[26, 1, 61, 11, 70, 287, 6, 16, 8, 55, 285, 47, 45, 48, 63, 21, 12, 58, 291, 42]', '2021-11-26 13:34:14.725517', 292),
	(342, '[26, 1, 61, 11, 70, 287, 6, 16, 8, 55, 285, 47, 45, 48, 63, 21, 12, 58, 291, 42]', '2021-11-26 13:35:23.508376', 292),
	(343, '[26, 1, 61, 11, 70, 287, 6, 16, 8, 55, 285, 47, 45, 48, 63, 21, 12, 58, 291, 42]', '2021-11-26 13:35:40.011376', 292),
	(344, '[26, 1, 61, 11, 70, 287, 6, 16, 8, 55, 285, 47, 45, 48, 63, 21, 12, 58, 291, 42]', '2021-11-26 13:39:52.342274', 292),
	(345, '[67, 50, 70, 45, 61, 14, 16, 21, 1, 55, 47, 8, 29, 58, 6, 25, 37, 19, 290, 26]', '2021-11-26 13:40:39.682700', 285),
	(346, '[1, 14, 292, 8, 287, 26, 16, 11, 12, 293, 6, 63, 61, 70, 285, 45, 7, 55, 42, 290]', '2021-11-26 13:47:14.995927', 294),
	(347, '[1, 14, 292, 8, 287, 26, 16, 11, 12, 293, 6, 63, 61, 70, 285, 45, 7, 55, 42, 290]', '2021-11-26 13:47:15.253922', 294),
	(348, '[1, 14, 292, 8, 287, 26, 16, 11, 12, 293, 6, 63, 61, 70, 285, 45, 7, 55, 42, 290]', '2021-11-26 13:47:46.295523', 294),
	(349, '[1, 14, 292, 8, 287, 26, 16, 11, 12, 293, 6, 63, 61, 70, 285, 45, 7, 55, 42, 290]', '2021-11-26 13:47:54.828582', 294),
	(350, '[1, 14, 292, 8, 287, 26, 16, 11, 12, 293, 6, 63, 61, 70, 285, 45, 7, 55, 42, 290]', '2021-11-26 13:48:02.267581', 294),
	(351, '[1, 14, 292, 8, 287, 26, 16, 11, 12, 293, 6, 63, 61, 70, 285, 45, 7, 55, 42, 290]', '2021-11-26 13:59:44.527529', 294),
	(352, '[1, 14, 292, 8, 287, 26, 16, 11, 12, 293, 6, 63, 61, 70, 285, 45, 7, 55, 42, 290]', '2021-11-26 14:00:08.070773', 294),
	(353, '[1, 14, 292, 8, 287, 26, 16, 11, 12, 293, 6, 63, 61, 70, 285, 45, 7, 55, 42, 290]', '2021-11-26 14:00:08.293807', 294),
	(354, '[1, 14, 292, 8, 287, 26, 16, 11, 12, 293, 6, 63, 61, 70, 285, 45, 7, 55, 42, 290]', '2021-11-26 14:00:27.637182', 294),
	(355, '[1, 14, 292, 8, 287, 26, 16, 11, 12, 293, 6, 63, 61, 70, 285, 45, 7, 55, 42, 290]', '2021-11-26 14:00:44.712599', 294),
	(356, '[1, 14, 292, 8, 287, 26, 16, 11, 12, 293, 6, 63, 61, 70, 285, 45, 7, 55, 42, 290]', '2021-11-26 14:12:43.873591', 294),
	(357, '[1, 14, 292, 8, 287, 26, 16, 11, 12, 293, 6, 63, 61, 70, 285, 45, 7, 55, 42, 290]', '2021-11-26 14:13:02.714492', 294),
	(358, '[1, 14, 292, 8, 287, 26, 16, 11, 12, 293, 6, 63, 61, 70, 285, 45, 7, 55, 42, 290]', '2021-11-26 14:13:16.742453', 294),
	(359, '[1, 14, 292, 8, 287, 26, 16, 11, 12, 293, 6, 63, 61, 70, 285, 45, 7, 55, 42, 290]', '2021-11-26 14:13:28.851149', 294),
	(360, '[1, 14, 292, 8, 287, 26, 16, 11, 12, 293, 6, 63, 61, 70, 285, 45, 7, 55, 42, 290]', '2021-11-26 14:27:17.593817', 294),
	(361, '[26, 1, 61, 11, 70, 287, 6, 16, 8, 55, 293, 285, 47, 45, 294, 48, 63, 21, 12, 291]', '2021-11-26 14:27:20.101841', 292),
	(362, '[1, 14, 292, 8, 287, 26, 16, 11, 12, 293, 6, 63, 61, 70, 285, 45, 7, 55, 42, 290]', '2021-11-26 14:27:37.268816', 294),
	(363, '[1, 14, 292, 8, 287, 26, 16, 11, 12, 293, 6, 63, 61, 70, 285, 45, 7, 55, 42, 290]', '2021-11-26 14:27:44.163813', 294),
	(364, '[1, 14, 292, 8, 287, 26, 16, 11, 12, 293, 6, 63, 61, 70, 285, 45, 7, 55, 42, 290]', '2021-11-26 14:28:06.437818', 294),
	(365, '[1, 14, 292, 8, 287, 26, 16, 11, 12, 293, 6, 63, 61, 70, 285, 45, 7, 55, 42, 290]', '2021-11-26 14:28:13.048823', 294),
	(366, '[1, 14, 292, 8, 287, 26, 16, 11, 12, 293, 6, 63, 61, 70, 285, 45, 7, 55, 42, 290]', '2021-11-26 14:28:19.185853', 294),
	(367, '[1, 14, 292, 8, 287, 26, 16, 11, 12, 293, 6, 63, 61, 70, 285, 45, 7, 55, 42, 290]', '2021-11-26 14:28:25.809836', 294),
	(368, '[1, 14, 292, 8, 287, 26, 16, 11, 12, 293, 6, 63, 61, 70, 285, 45, 7, 55, 42, 290]', '2021-11-26 14:28:35.789833', 294);
/*!40000 ALTER TABLE `matching_result` ENABLE KEYS */;

-- 테이블 matching.user 구조 내보내기
CREATE TABLE IF NOT EXISTS `user` (
  `id` int NOT NULL,
  `use_matching` tinyint(1) NOT NULL,
  PRIMARY KEY (`id`)
) ENGINE=InnoDB DEFAULT CHARSET=utf8mb4 COLLATE=utf8mb4_0900_ai_ci;

-- 테이블 데이터 matching.user:~83 rows (대략적) 내보내기
/*!40000 ALTER TABLE `user` DISABLE KEYS */;
INSERT INTO `user` (`id`, `use_matching`) VALUES
	(1, 1),
	(2, 1),
	(3, 1),
	(4, 1),
	(5, 1),
	(6, 1),
	(7, 1),
	(8, 1),
	(9, 1),
	(10, 1),
	(11, 1),
	(12, 1),
	(13, 1),
	(14, 1),
	(15, 1),
	(16, 1),
	(17, 1),
	(18, 1),
	(19, 1),
	(20, 1),
	(21, 1),
	(22, 1),
	(23, 1),
	(24, 1),
	(25, 1),
	(26, 1),
	(27, 1),
	(28, 1),
	(29, 1),
	(30, 1),
	(31, 1),
	(32, 1),
	(33, 1),
	(34, 1),
	(35, 1),
	(36, 1),
	(37, 1),
	(38, 1),
	(39, 1),
	(40, 1),
	(41, 1),
	(42, 1),
	(43, 1),
	(44, 1),
	(45, 1),
	(46, 1),
	(47, 1),
	(48, 1),
	(49, 1),
	(50, 1),
	(51, 1),
	(52, 1),
	(53, 1),
	(54, 1),
	(55, 1),
	(56, 1),
	(57, 1),
	(58, 1),
	(59, 1),
	(60, 1),
	(61, 1),
	(62, 1),
	(63, 1),
	(64, 1),
	(65, 1),
	(66, 1),
	(67, 1),
	(68, 1),
	(69, 1),
	(70, 1),
	(71, 1),
	(72, 1),
	(281, 1),
	(282, 1),
	(283, 1),
	(285, 1),
	(286, 1),
	(287, 1),
	(290, 1),
	(291, 1),
	(292, 1),
	(293, 1),
	(294, 1);
/*!40000 ALTER TABLE `user` ENABLE KEYS */;

/*!40101 SET SQL_MODE=IFNULL(@OLD_SQL_MODE, '') */;
/*!40014 SET FOREIGN_KEY_CHECKS=IF(@OLD_FOREIGN_KEY_CHECKS IS NULL, 1, @OLD_FOREIGN_KEY_CHECKS) */;
/*!40101 SET CHARACTER_SET_CLIENT=@OLD_CHARACTER_SET_CLIENT */;
