-- --------------------------------------------------------
-- 호스트:                          project-mnm-db.ctixol1fxh7r.ap-northeast-2.rds.amazonaws.com
-- 서버 버전:                        10.5.12-MariaDB-log - managed by https://aws.amazon.com/rds/
-- 서버 OS:                        Linux
-- HeidiSQL 버전:                  10.2.0.5599
-- --------------------------------------------------------

/*!40101 SET @OLD_CHARACTER_SET_CLIENT=@@CHARACTER_SET_CLIENT */;
/*!40101 SET NAMES utf8 */;
/*!50503 SET NAMES utf8mb4 */;
/*!40014 SET @OLD_FOREIGN_KEY_CHECKS=@@FOREIGN_KEY_CHECKS, FOREIGN_KEY_CHECKS=0 */;
/*!40101 SET @OLD_SQL_MODE=@@SQL_MODE, SQL_MODE='NO_AUTO_VALUE_ON_ZERO' */;


-- mnm 데이터베이스 구조 내보내기
CREATE DATABASE IF NOT EXISTS `mnm` /*!40100 DEFAULT CHARACTER SET utf8mb4 */;
USE `mnm`;

-- 테이블 mnm.chattings 구조 내보내기
CREATE TABLE IF NOT EXISTS `chattings` (
  `id` bigint(20) NOT NULL AUTO_INCREMENT,
  `is_request` bit(1) DEFAULT NULL,
  `message` varchar(255) DEFAULT NULL,
  `send_at` datetime(6) DEFAULT NULL,
  `cid` bigint(20) DEFAULT NULL,
  `uid` bigint(20) DEFAULT NULL,
  PRIMARY KEY (`id`),
  KEY `FK31i444k0juwfxsdg60o7ccp3r` (`uid`),
  KEY `FK3nm9223bfd2xwwvf87s77s44d` (`cid`),
  CONSTRAINT `FK31i444k0juwfxsdg60o7ccp3r` FOREIGN KEY (`uid`) REFERENCES `users` (`id`),
  CONSTRAINT `FK3nm9223bfd2xwwvf87s77s44d` FOREIGN KEY (`cid`) REFERENCES `chatting_rooms` (`id`)
) ENGINE=InnoDB AUTO_INCREMENT=234 DEFAULT CHARSET=utf8mb4;

-- 테이블 데이터 mnm.chattings:~147 rows (대략적) 내보내기
/*!40000 ALTER TABLE `chattings` DISABLE KEYS */;
INSERT INTO `chattings` (`id`, `is_request`, `message`, `send_at`, `cid`, `uid`) VALUES
	(36, b'0', 'ㄹㅇㄹㅇ', '2021-11-22 07:48:00.874000', 2, 2),
	(37, b'0', '22', '2021-11-22 07:49:35.437000', 4, 2),
	(38, b'0', '졸령', '2021-11-22 07:49:54.552000', 4, 2),
	(39, b'0', '안녕', '2021-11-22 07:50:37.669000', 4, 2),
	(40, b'0', '반갑다 짜식', '2021-11-22 07:50:48.475000', 4, 2),
	(41, b'0', '얼른 끝내고', '2021-11-22 07:50:53.953000', 4, 2),
	(42, b'0', '수업듣자 은진아', '2021-11-22 07:50:57.151000', 4, 2),
	(43, b'0', '넵', '2021-11-22 07:53:52.164000', 4, 2),
	(44, b'0', '뀨', '2021-11-22 07:55:05.649000', 4, 2),
	(45, b'0', '안녕', '2021-11-22 07:56:21.169000', 4, 2),
	(46, b'0', '네네네네네네넨ㄴㄴㄴㄴㄴㄴㄴㄴㄴㄴㄴㄴㄴㄴㄴㄴㄴㄴㄴㄴㄴㄴㄴㄴㄴㄴㄴㄴㄴㄴㄴㄴㄴㄴㄴㄴㄴ', '2021-11-22 07:56:29.916000', 4, 2),
	(47, b'0', '엄청길지~~~~~~~~~~~~~~~~~~~~~~~~~~~~~~~~~~~~~~~~~~~~~~~~~~~~~~~~~~~~~~~~~~~~~~~~~~~~~~', '2021-11-22 07:56:38.984000', 4, 2),
	(48, b'0', '♡♡♡♡♡♡♡♡♡♡♡♡♡♡♡♡♡♡♡♡♡♡♡♡♡♡♡♡♡♡♡♡♡♡♡♡♡♡♡♡♡', '2021-11-22 07:57:04.427000', 4, 2),
	(49, b'0', '안나ㅕㅇ', '2021-11-22 08:03:41.127000', 4, 2),
	(50, b'0', '어ㅓㅓㅓㅓ', '2021-11-22 08:03:45.779000', 4, 2),
	(51, b'0', '아ㅏㅏㅏㅏㅏㅏㅏㅏㅏㅏㅏㅏㅏㅏㅏㅏㅏㅏㅏㅏㅏㅏㅏㅏㅏㅏㅏㅏㅏㅏㅏㅏㅏㅏㅏㅏㅏㅏㅏㅏㅏㅏㅏㅏㅏㅏㅏㅏㅏㅏㅏㅏㅏㅏㅏㅏㅏㅏㅏㅏㅏㅏㅏㅏㅏㅏㅏㅏㅏㅏㅏㅏㅏㅏㅏㅏㅏㅏㅏㅏㅏㅏㅏㅏㅏㅏㅏㅏㅏㅏㅏㅏㅏㅏㅏㅏ', '2021-11-22 08:04:08.750000', 4, 2),
	(52, b'0', '~~~~~~~~~~~~~~~~~~~~~~~~~~~~~~~~~~~~~~~~~~~~~~~~~~~~~~~~~~~~~~~~~~~~~~~~~~~~~~~~~~~~~~~~~~~~~~~~~~~~~~~~~~~~~~~~~~~~', '2021-11-22 08:04:19.031000', 4, 2),
	(53, b'0', '아ㅏㅏㅏㅏㅏㅏㅏㅏㅏㅏㅏㅏㅏㅏㅏㅏㅏㅏㅏㅏㅏㅏㅏㅏㅏㅏㅏㅏㅏㅏㅏㅏㅏㅏㅏㅏㅏㅏㅏㅏㅏㅏㅏㅏㅏㅏㅏㅏㅏㅏㅏㅏㅏㅏㅏㅏㅏㅏㅏㅏㅏㅏㅏㅏㅏㅏㅏㅏㅏㅏㅏㅏㅏㅏㅏㅏㅏㅏㅏㅏㅏㅏㅏㅏㅏㅏㅏㅏㅏㅏㅏㅏ', '2021-11-22 08:04:43.250000', 4, 2),
	(54, b'0', '$$$$$$$$$$$$$$$$$$$$@@@@@@@@아ㅏㅏㅏㅏㅏㅏㅏㅏㅏㅏㅏㅏㅏㅏㅏㅏㅏㅏㅏㅏㅏㅏㅏㅏㅏㅏㅏㅏㅏㅏㅏㅏㅏㅏㅏㅏㅏ@@@@@@@@@@@@@@@@@@@@@@@@@@@@@@@@@@@@', '2021-11-22 08:04:54.197000', 4, 2),
	(55, b'0', '안녕하세요:D', '2021-11-22 08:13:14.739000', 5, 4),
	(58, b'0', '안녕', '2021-11-22 08:49:26.050000', 4, 2),
	(59, b'0', '우리...끝낼 수 있겠지..?', '2021-11-22 08:49:42.251000', 4, 2),
	(60, b'0', '나는 너무ㅜㅜㅜㅜㅜㅜㅜㅜㅜㅜㅜㅜㅜㅜㅜㅜㅜㅜㅜㅜㅜ..........................................................................슬퍼..............', '2021-11-22 08:49:53.873000', 4, 2),
	(62, b'1', '☆저와 함꼐 하시죠☆', '2021-11-22 09:17:19.447000', 5, 4),
	(63, b'0', '안녕', '2021-11-22 09:22:12.970000', 5, 4),
	(64, b'0', '호호', '2021-11-22 09:22:18.393000', 5, 4),
	(65, b'0', '나는 해리', '2021-11-22 09:22:23.301000', 5, 4),
	(66, b'0', '방가방가', '2021-11-22 09:22:28.977000', 5, 4),
	(67, b'0', '♡좋아요♡', '2021-11-22 09:29:18.437000', 5, 4),
	(68, b'1', '☆저와 함꼐 하시죠☆', '2021-11-22 09:36:59.288000', 5, 4),
	(69, b'0', '죄송합니다ㅠㅠ', '2021-11-22 09:38:04.754000', 5, 4),
	(70, b'1', '☆저와 함꼐 하시죠☆', '2021-11-22 09:38:21.131000', 5, 4),
	(72, b'0', '안녕', '2021-11-22 19:14:02.492000', 5, 4),
	(73, b'0', '반가워요!!', '2021-11-22 19:53:39.815000', 5, 4),
	(74, b'0', 'test', '2021-11-22 19:55:23.623000', 5, 1),
	(75, b'0', '눌러보아요', '2021-11-24 05:33:58.876000', 5, 4),
	(76, b'0', '전송이 잘 되었나요??', '2021-11-24 05:34:34.203000', 5, 4),
	(77, b'0', '다시 확인해 보아요', '2021-11-24 05:37:02.269000', 5, 4),
	(78, b'0', '저는 너무 슬퍼요', '2021-11-24 05:38:11.800000', 5, 4),
	(79, b'0', 'test입니다', '2021-11-24 05:41:33.928000', 5, 4),
	(80, b'0', '제발', '2021-11-24 14:46:13.938000', 5, 4),
	(81, b'0', '제발', '2021-11-24 14:48:11.890000', 5, 4),
	(82, b'0', '아ㅏㅏㅏㅏㅏㅏㅏㅏㅏㅏㅏㅏㅏㅏㅏㅏㅏㅏㅏㅏㅏㅏㅏㅏㅏㅏㅏㅏㅏㅏㅏㅏㅏㅏㅏㅏㅏㅏㅏㅏㅏㅏㅏㅏㅏㅏㅏㅏㅏㅏㅏㅏㅏㅏㅏㅏㅏㅏㅏㅏㅏㅏㅏㅏㅏㅏㅏㅏㅏㅏㅏㅏㅏㅏㅏㅏㅏ', '2021-11-24 14:55:57.894000', 5, 4),
	(83, b'0', '아ㅏㅏㅏㅏㅏㅏㅏㅏㅏㅏㅏㅏㅏㅏㅏㅏㅏㅏㅏㅏㅏㅏㅏㅏㅏㅏㅏㅏㅏㅏㅏㅏㅏㅏㅏㅏㅏㅏㅏㅏㅏㅏㅏㅏㅏㅏㅏㅏㅏㅏㅏㅏㅏㅏㅏㅏㅏㅏㅏㅏㅏㅏㅏㅏㅏㅏㅏㅏ', '2021-11-24 14:56:43.221000', 5, 4),
	(84, b'0', '아ㅏㅏㅏㅏㅏㅏㅏㅏㅏㅏㅏㅏㅏㅏㅏㅏㅏㅏㅏㅏㅏㅏㅏㅏㅏㅏㅏㅏㅏㅏㅏㅏㅏㅏㅏㅏㅏㅏㅏㅏㅏㅏㅏㅏㅏㅏㅏㅏㅏㅏㅏㅏㅏㅏㅏㅏㅏㅏ', '2021-11-24 15:03:44.361000', 5, 4),
	(85, b'0', 'ㅠㅠㅠㅠㅠㅠㅠㅠㅠㅠㅠㅠㅠㅠㅠㅠㅠㅠㅠㅠㅠㅠㅠㅠㅠㅠㅠㅠㅠㅠㅠㅠㅠㅠㅠㅠㅠㅠㅠㅠㅠㅠㅠㅠㅠㅠㅠㅠㅠㅠㅠㅠㅠㅠㅠㅠㅠㅠㅠㅠㅠㅠㅠㅠㅠㅠㅠㅠㅠㅠㅠㅠㅠㅠㅠㅠㅠㅠ', '2021-11-24 15:11:51.780000', 5, 4),
	(86, b'0', '시간 확인!', '2021-11-24 15:16:18.913000', 5, 4),
	(91, b'0', 'ㅍ', '2021-11-24 15:30:47.553000', 5, 4),
	(98, b'0', '?', '2021-11-24 09:10:27.458000', 2, 4),
	(99, b'0', 'gjf', '2021-11-24 09:10:38.180000', 5, 4),
	(100, b'0', 'gma...', '2021-11-24 09:32:35.501000', 5, 4),
	(101, b'0', 'what is ...', '2021-11-24 09:32:51.508000', 2, 4),
	(102, b'0', '얘는 저장이 안되거든', '2021-11-24 09:33:11.913000', 5, 4),
	(103, b'0', '근데 이 친구는 저장이 돼요', '2021-11-24 09:36:02.585000', 2, 4),
	(104, b'1', '☆저와 함꼐 하시죠☆', '2021-11-24 09:36:50.385000', 2, 4),
	(106, b'0', '채팅 되나요?', '2021-11-25 01:39:25.966000', 5, 4),
	(107, b'0', '혹시 주무시는지..?', '2021-11-25 01:39:35.599000', 5, 4),
	(108, b'0', '안녕', '2021-11-25 01:51:50.224000', 5, 4),
	(109, b'0', '테스트', '2021-11-25 01:52:15.283000', 5, 4),
	(113, b'0', '안녕하세요:D', '2021-11-25 02:11:09.517000', 35, 4),
	(114, b'0', '안녕하세요:D', '2021-11-25 02:16:03.723000', 36, 4),
	(115, b'0', '안녕하세요:D', '2021-11-25 02:29:11.916000', 37, 4),
	(116, b'0', '안녕하세요:D', '2021-11-25 02:30:09.310000', 38, 4),
	(117, b'0', '안녕하세요:D', '2021-11-25 02:30:44.232000', 39, 4),
	(118, b'0', '주무시나요?', '2021-11-25 02:30:52.689000', 39, 4),
	(119, b'1', '☆저와 함꼐 하시죠☆', '2021-11-25 02:30:56.001000', 39, 4),
	(120, b'0', '와 반가워요', '2021-11-25 02:33:54.577000', 39, 20),
	(121, b'0', 'ㅎㅎ 채팅이 잘되네요', '2021-11-25 02:34:03.533000', 39, 20),
	(122, b'0', '♡좋아요♡', '2021-11-25 02:38:40.771000', 39, 20),
	(123, b'0', '♡좋아요♡', '2021-11-25 02:38:56.847000', 39, 20),
	(124, b'0', '어느 지역이 좋으세요?', '2021-11-25 02:44:46.243000', 39, 20),
	(125, b'0', '안녕하세요:D', '2021-11-25 02:56:22.722000', 40, 285),
	(126, b'0', '저는 블랙핑크의 지수입니다.', '2021-11-25 02:56:37.350000', 40, 285),
	(127, b'0', '안녕하세요:D', '2021-11-25 02:59:16.003000', 41, 285),
	(128, b'0', '호호 벌써 아침이네요', '2021-11-25 10:29:23.010000', 41, 285),
	(129, b'0', '안녕하세요:D', '2021-11-25 10:30:17.473000', 42, 285),
	(130, b'0', '안녕하세요:D', '2021-11-25 12:09:32.506000', 43, 285),
	(131, b'0', '안녕하세요:D', '2021-11-25 12:15:19.190000', 44, 285),
	(144, b'0', '오늘 날씨가 좋네요!!', '2021-11-25 13:42:48.245000', 42, 285),
	(145, b'0', '와!!', '2021-11-25 18:15:44.390000', 40, 67),
	(146, b'0', '저 블링크에요!!', '2021-11-25 18:15:49.508000', 40, 67),
	(147, b'1', '☆저와 함꼐 하시죠☆', '2021-11-25 18:15:51.781000', 40, 67),
	(148, b'0', '죄송합니다ㅠㅠ', '2021-11-25 18:30:09.731000', 40, 285),
	(149, b'1', '☆저와 함꼐 하시죠☆', '2021-11-25 18:31:03.412000', 40, 285),
	(150, b'0', '♡좋아요♡', '2021-11-25 18:32:14.270000', 40, 67),
	(151, b'0', '호호\n', '2021-11-25 18:32:59.067000', 40, 67),
	(160, b'0', 'test', '2021-11-25 20:09:13.535000', 41, 285),
	(161, b'0', 'test', '2021-11-25 20:09:17.442000', 41, 285),
	(162, b'1', '☆저와 함꼐 하시죠☆', '2021-11-25 20:15:09.587000', 41, 285),
	(163, b'0', '죄송합니다ㅠㅠ', '2021-11-25 20:18:59.051000', 41, 50),
	(170, b'0', '하우스가 생성되었대요!', '2021-11-25 20:40:47.585000', 41, 50),
	(171, b'0', '♡좋아요♡', '2021-11-25 20:42:25.324000', 41, 285),
	(172, b'0', '♡좋아요♡', '2021-11-25 20:45:01.293000', 41, 285),
	(173, b'0', '♡좋아요♡', '2021-11-25 20:45:05.634000', 41, 285),
	(174, b'0', '♡좋아요♡', '2021-11-25 20:46:33.006000', 41, 285),
	(175, b'0', '하우스가 생성되었대요!', '2021-11-25 20:46:49.475000', 41, 285),
	(176, b'0', '이제부터 시작', '2021-11-25 22:46:03.902000', 40, 285),
	(177, b'0', '행벅', '2021-11-25 22:46:17.426000', 40, 285),
	(178, b'0', '♡좋아요♡', '2021-11-25 22:47:40.998000', 40, 67),
	(179, b'0', '하우스가 생성되었대요!', '2021-11-25 22:48:22.894000', 40, 67),
	(180, b'0', '안녕하세요:D', '2021-11-25 23:29:18.996000', 57, 67),
	(182, b'0', '안녕하세요👋', '2021-11-26 04:27:13.529000', 59, 285),
	(183, b'0', '우와 안녕하세요!!', '2021-11-26 04:32:14.872000', 59, 70),
	(184, b'0', '매칭 됐다고 하니 좀 신기하네요ㅎㅎ', '2021-11-26 04:32:36.891000', 59, 70),
	(185, b'0', '그러게요 프로필 보니깐 저랑 잘 맞으실것같은데 하우스 메이트 하실래요?', '2021-11-26 04:32:57.079000', 59, 285),
	(186, b'1', '저와 함꼐 하시죠🤝', '2021-11-26 04:33:01.481000', 59, 285),
	(187, b'0', '죄송합니다😢', '2021-11-26 04:33:59.555000', 59, 70),
	(188, b'0', '아 왜요~~', '2021-11-26 04:34:07.255000', 59, 285),
	(189, b'1', '저와 함꼐 하시죠🤝', '2021-11-26 04:34:09.410000', 59, 285),
	(190, b'0', '좋아요😍', '2021-11-26 04:34:12.478000', 59, 70),
	(191, b'0', '하우스가 생성되었대요😀', '2021-11-26 04:34:50.789000', 59, 70),
	(192, b'1', '저와 함꼐 하시죠🤝', '2021-11-26 04:45:32.728000', 42, 285),
	(193, b'0', '죄송합니다😢', '2021-11-26 04:45:35.687000', 42, 45),
	(194, b'1', '저와 함꼐 하시죠🤝', '2021-11-26 04:45:37.745000', 42, 45),
	(195, b'0', '좋아요😍', '2021-11-26 04:45:41.736000', 42, 285),
	(196, b'0', '하우스가 생성되었대요😀', '2021-11-26 04:46:11.524000', 42, 285),
	(202, b'0', '안녕하세요👋', '2021-11-26 13:07:37.102000', 62, 290),
	(203, b'0', '잘 맞을 것 같아요 보여 연락드렸습니다.', '2021-11-26 13:07:55.997000', 62, 290),
	(204, b'0', '안녕하세요👋', '2021-11-26 13:08:23.090000', 63, 290),
	(205, b'0', '뭔가 저랑 같은 회사 연습생을 준비하시는 것 같아 연락 드립니다.', '2021-11-26 13:08:43.070000', 63, 290),
	(206, b'0', '안녕하세요👋', '2021-11-26 13:15:12.811000', 64, 291),
	(207, b'0', '저랑 같은 회사 준비하시는 것 같아 연락드립니다.', '2021-11-26 13:15:32.447000', 64, 291),
	(208, b'0', '꼭 연락 주세요!!', '2021-11-26 13:15:43.072000', 64, 291),
	(209, b'0', '안녕하세요👋', '2021-11-26 13:35:05.590000', 65, 292),
	(210, b'0', '저랑 잘 맞아 보여서 연락드려요!!', '2021-11-26 13:35:15.861000', 65, 292),
	(211, b'0', '안녕하세요👋', '2021-11-26 13:48:12.379000', 66, 294),
	(212, b'0', '저랑 잘 맞을것 같아보여 연락드려요!!', '2021-11-26 13:48:48.491000', 66, 294),
	(213, b'0', '우와 안녕하세요!!', '2021-11-26 13:50:29.918000', 66, 292),
	(214, b'0', '너무 반갑습니다~~', '2021-11-26 13:50:37.741000', 66, 292),
	(215, b'0', 'ㅎㅎ 혹시 같이 살 때 신경쓰시는 부분이 있나요?\n', '2021-11-26 13:51:00.700000', 66, 294),
	(216, b'0', '아 저는 통화나 음악소리가 너무 큰걸 안좋아해서요..', '2021-11-26 13:51:21.316000', 66, 292),
	(217, b'0', '이부분만 조심해주시면 될 것같아요!!', '2021-11-26 13:51:30.677000', 66, 292),
	(218, b'0', '아 넵넵 그정도는 당연히 지켜드리죠~~', '2021-11-26 13:51:42.234000', 66, 294),
	(219, b'1', '저와 함꼐 하시죠🤝', '2021-11-26 13:51:46.920000', 66, 294),
	(220, b'0', '죄송합니다😢', '2021-11-26 13:51:52.874000', 66, 292),
	(221, b'0', '앗 무슨 일이시죠..?', '2021-11-26 13:52:03.419000', 66, 294),
	(222, b'0', '아 저희 사는 지역을 아직 얘기 안해본것 같아서요..ㅎㅎ', '2021-11-26 13:52:27.134000', 66, 292),
	(223, b'0', '저는 상도동 중에서도 숭실대쪽 생각하는데 어떠신가요?', '2021-11-26 13:52:47.600000', 66, 294),
	(224, b'0', '어!! 저도 그 근처면 편할 것 같아요!!', '2021-11-26 13:53:02.205000', 66, 292),
	(225, b'1', '저와 함꼐 하시죠🤝', '2021-11-26 13:53:04.304000', 66, 292),
	(226, b'0', '좋아요😍', '2021-11-26 13:53:09.537000', 66, 294),
	(227, b'0', '하우스가 생성되었대요😀', '2021-11-26 13:53:43.739000', 66, 294),
	(228, b'1', '저와 함꼐 하시죠🤝', '2021-11-26 14:06:30.157000', 66, 294),
	(229, b'0', '좋아요😍', '2021-11-26 14:06:33.456000', 66, 292),
	(230, b'0', '하우스가 생성되었대요😀', '2021-11-26 14:07:30.671000', 66, 292),
	(231, b'1', '저와 함꼐 하시죠🤝', '2021-11-26 14:21:28.459000', 66, 294),
	(232, b'0', '좋아요😍', '2021-11-26 14:21:31.020000', 66, 292),
	(233, b'0', '하우스가 생성되었대요😀', '2021-11-26 14:22:09.529000', 66, 292);
/*!40000 ALTER TABLE `chattings` ENABLE KEYS */;

-- 테이블 mnm.chatting_rooms 구조 내보내기
CREATE TABLE IF NOT EXISTS `chatting_rooms` (
  `id` bigint(20) NOT NULL AUTO_INCREMENT,
  `request_at` datetime(6) DEFAULT NULL,
  `request_success` bit(1) DEFAULT NULL,
  `request_uid` bigint(20) DEFAULT NULL,
  PRIMARY KEY (`id`),
  KEY `FK782yxm7qfgb3o5okp4vxm4gx9` (`request_uid`),
  CONSTRAINT `FK782yxm7qfgb3o5okp4vxm4gx9` FOREIGN KEY (`request_uid`) REFERENCES `users` (`id`)
) ENGINE=InnoDB AUTO_INCREMENT=67 DEFAULT CHARSET=utf8mb4;

-- 테이블 데이터 mnm.chatting_rooms:~22 rows (대략적) 내보내기
/*!40000 ALTER TABLE `chatting_rooms` DISABLE KEYS */;
INSERT INTO `chatting_rooms` (`id`, `request_at`, `request_success`, `request_uid`) VALUES
	(1, NULL, b'0', NULL),
	(2, '2021-11-24 09:36:50.367000', b'0', 4),
	(3, NULL, b'0', NULL),
	(4, '2021-11-22 04:02:13.086000', b'1', 1),
	(5, '2021-11-22 09:38:21.092000', b'0', 4),
	(35, NULL, b'0', NULL),
	(36, NULL, b'0', NULL),
	(37, NULL, b'0', NULL),
	(38, NULL, b'0', NULL),
	(39, '2021-11-25 02:30:55.968000', b'1', 4),
	(40, '2021-11-25 18:31:03.109000', b'1', 285),
	(41, '2021-11-25 20:31:01.267000', b'1', 50),
	(42, '2021-11-26 04:45:37.716000', b'1', 45),
	(43, NULL, b'0', NULL),
	(44, NULL, b'0', NULL),
	(57, NULL, b'0', NULL),
	(59, '2021-11-26 04:34:09.373000', b'1', 285),
	(62, NULL, b'0', NULL),
	(63, NULL, b'0', NULL),
	(64, NULL, b'0', NULL),
	(65, NULL, b'0', NULL),
	(66, '2021-11-26 14:21:28.422000', b'1', 294);
/*!40000 ALTER TABLE `chatting_rooms` ENABLE KEYS */;

-- 테이블 mnm.evaluations 구조 내보내기
CREATE TABLE IF NOT EXISTS `evaluations` (
  `id` bigint(20) NOT NULL AUTO_INCREMENT,
  `content` varchar(255) DEFAULT NULL,
  `create_at` datetime(6) DEFAULT NULL,
  `score` int(11) DEFAULT NULL,
  `appraisee` bigint(20) DEFAULT NULL,
  `appraiser` bigint(20) DEFAULT NULL,
  `house_id` bigint(20) DEFAULT NULL,
  PRIMARY KEY (`id`),
  KEY `FK29ikvac3rhrr2fj1agdb2olf2` (`appraisee`),
  KEY `FK7ubt2fgfe06n7ygwyc32bkfmf` (`appraiser`),
  KEY `FKkf3n5w864o3nfrsvk5qeptp2x` (`house_id`),
  CONSTRAINT `FK29ikvac3rhrr2fj1agdb2olf2` FOREIGN KEY (`appraisee`) REFERENCES `users` (`id`),
  CONSTRAINT `FK7ubt2fgfe06n7ygwyc32bkfmf` FOREIGN KEY (`appraiser`) REFERENCES `users` (`id`),
  CONSTRAINT `FKkf3n5w864o3nfrsvk5qeptp2x` FOREIGN KEY (`house_id`) REFERENCES `house` (`id`)
) ENGINE=InnoDB AUTO_INCREMENT=25 DEFAULT CHARSET=utf8mb4;

-- 테이블 데이터 mnm.evaluations:~11 rows (대략적) 내보내기
/*!40000 ALTER TABLE `evaluations` DISABLE KEYS */;
INSERT INTO `evaluations` (`id`, `content`, `create_at`, `score`, `appraisee`, `appraiser`, `house_id`) VALUES
	(12, '음악을 항상 크게 틀어놔서 불편했습니다.', '2021-11-26 04:03:51.057000', 21, 50, 285, 12),
	(13, '사공지해님과 금요일이면 치맥을 하며 재미있게 지냈습니다.', '2021-11-26 04:42:37.114000', 84, 70, 285, 14),
	(14, '블랙핑크 지수님 닯으셨어요!!', '2021-11-26 04:43:06.834000', 98, 285, 70, 14),
	(15, '혹시 블랙핑크 멤버신지..?', '2021-11-26 04:47:47.148000', 100, 285, 45, 15),
	(16, '행복했습니다.', '2021-11-26 04:48:16.537000', 91, 285, 45, 6),
	(17, '추천해요!!', '2021-11-26 04:48:33.643000', 63, 45, 285, 15),
	(18, '괜찮은 분이었어요.', '2021-11-26 04:49:11.154000', 63, 50, 285, 11),
	(19, '도비님은 귀여운 분이더라구요~', '2021-11-26 13:58:37.899000', 63, 294, 292, 16),
	(20, '새우깡님은 좋은 메이트였습니다.', '2021-11-26 13:59:35.304000', 84, 292, 294, 16),
	(21, '음.. 생각보다 깔끔하시지 않은 것 뺴고는 괜찮았습니다.', '2021-11-26 14:12:05.767000', 70, 294, 292, 17),
	(22, '전체적으로 원만하신 분이었어요!! 추천합니다.', '2021-11-26 14:12:36.167000', 84, 292, 294, 17),
	(23, '같이 사람들의 하우스메이트를 찾을 수 있어서 보람찼습니다.', '2021-11-26 14:26:31.876000', 91, 294, 292, 18),
	(24, '좀 까다로운 부분이 있었지만 같이 살면서 좋은 부분도 많았습니다.', '2021-11-26 14:27:11.223000', 77, 292, 294, 18);
/*!40000 ALTER TABLE `evaluations` ENABLE KEYS */;

-- 테이블 mnm.house 구조 내보내기
CREATE TABLE IF NOT EXISTS `house` (
  `id` bigint(20) NOT NULL AUTO_INCREMENT,
  `capacity` int(11) DEFAULT NULL,
  `create_at` datetime(6) DEFAULT NULL,
  `description` varchar(255) DEFAULT NULL,
  `last_access_at` datetime(6) DEFAULT NULL,
  `location` varchar(255) DEFAULT NULL,
  `name` varchar(255) DEFAULT NULL,
  `updated_at` datetime(6) DEFAULT NULL,
  `captain_id` bigint(20) DEFAULT NULL,
  `captain_id_1` bigint(20) DEFAULT NULL,
  `captain_id_2` bigint(20) DEFAULT NULL,
  `captain1_id` bigint(20) DEFAULT NULL,
  `captain2_id` bigint(20) DEFAULT NULL,
  PRIMARY KEY (`id`),
  KEY `FKi9e0lkebiw0bdwb60gi9ph7sa` (`captain_id`),
  KEY `FKac2dl2vrgbclujwjgoiqeewb7` (`captain_id_1`),
  KEY `FK8j0flxbfkp5w5b6x9oljbquex` (`captain_id_2`),
  KEY `FKimcc4ktamj7v6bqe6mf02au4` (`captain1_id`),
  KEY `FKmrmtj1xjdaxnmucuvubpir5hw` (`captain2_id`),
  CONSTRAINT `FK8j0flxbfkp5w5b6x9oljbquex` FOREIGN KEY (`captain_id_2`) REFERENCES `users` (`id`),
  CONSTRAINT `FKac2dl2vrgbclujwjgoiqeewb7` FOREIGN KEY (`captain_id_1`) REFERENCES `users` (`id`),
  CONSTRAINT `FKi9e0lkebiw0bdwb60gi9ph7sa` FOREIGN KEY (`captain_id`) REFERENCES `users` (`id`),
  CONSTRAINT `FKimcc4ktamj7v6bqe6mf02au4` FOREIGN KEY (`captain1_id`) REFERENCES `users` (`id`),
  CONSTRAINT `FKmrmtj1xjdaxnmucuvubpir5hw` FOREIGN KEY (`captain2_id`) REFERENCES `users` (`id`)
) ENGINE=InnoDB AUTO_INCREMENT=19 DEFAULT CHARSET=utf8mb4;

-- 테이블 데이터 mnm.house:~12 rows (대략적) 내보내기
/*!40000 ALTER TABLE `house` DISABLE KEYS */;
INSERT INTO `house` (`id`, `capacity`, `create_at`, `description`, `last_access_at`, `location`, `name`, `updated_at`, `captain_id`, `captain_id_1`, `captain_id_2`, `captain1_id`, `captain2_id`) VALUES
	(1, 10, '2021-11-24 15:38:20.000000', '여기는 덕질하는 사람만 올수 있음', '2021-11-24 15:38:26.000000', '서울 특별시  종로구  청와대대로1 대통령 비서실', '한남더힐 🛕', '2021-11-24 15:38:31.000000', 1, 1, 2, 1, 2),
	(2, 10, '2021-11-24 15:38:24.000000', '숭실대학교 찌랭이들', '2021-11-24 15:38:27.000000', '시흥동', '쥭겠어요', '2021-11-24 15:38:33.000000', 1, 1, 2, 1, 2),
	(3, 10, '2021-11-24 18:29:45.000000', '서키네 학숙', '2021-11-24 18:42:52.000000', '성북구 가양동', '제주도', '2021-11-24 18:43:06.000000', 1, 1, 2, 1, 2),
	(6, 2, '2021-11-25 15:33:09.732000', 'BLACKPINK IN YOUR AREA!', NULL, '홍대', '블핑하우스', '2021-11-25 15:33:09.732000', NULL, NULL, NULL, 285, 45),
	(11, 3, '2021-11-25 20:40:45.050000', '이건 아닌데', NULL, '흠..', '어;', '2021-11-25 20:40:45.050000', NULL, NULL, NULL, 285, 50),
	(12, 3, '2021-11-25 20:46:47.750000', '이거 좀 ', NULL, '많이 이상해요', 'ㅎ,..', '2021-11-25 20:46:47.750000', NULL, NULL, NULL, 285, 50),
	(13, 2, '2021-11-25 22:48:20.712000', '오늘은 몇시에 자려나', NULL, '성북구', '밤샘작업', '2021-11-25 22:48:20.712000', NULL, NULL, NULL, 285, 67),
	(14, 2, '2021-11-26 04:34:48.868000', '프로젝트 완성을 목표로합니다.', NULL, '상도동', '완성반', '2021-11-26 04:34:48.868000', NULL, NULL, NULL, 285, 70),
	(15, 3, '2021-11-26 04:46:09.968000', '트러플 새우깡 트라이하는 방', NULL, '바다', '새우깡', '2021-11-26 04:46:09.968000', NULL, NULL, NULL, 285, 45),
	(16, 2, '2021-11-26 13:53:41.870000', '여러분들의 하우스메이트를 찾아주기위해 노력합니다.', NULL, '숭실대 근처', '집요정모임', '2021-11-26 13:53:41.870000', NULL, NULL, NULL, 294, 292),
	(17, 2, '2021-11-26 14:07:28.950000', '여러분들의 하우스메이트들 찾아주기위해 노력합니다!!', NULL, '숭실대 근처', '집요정모임', '2021-11-26 14:07:28.950000', NULL, NULL, NULL, 294, 292),
	(18, 2, '2021-11-26 14:22:08.270000', '여러분들의 하우스메이트를 찾아주기위해 노력합니다!!', NULL, '숭실대 근처', '집요정모임', '2021-11-26 14:22:08.270000', NULL, NULL, NULL, 294, 292);
/*!40000 ALTER TABLE `house` ENABLE KEYS */;

-- 테이블 mnm.house_role 구조 내보내기
CREATE TABLE IF NOT EXISTS `house_role` (
  `id` bigint(20) NOT NULL AUTO_INCREMENT,
  `create_at` datetime(6) DEFAULT NULL,
  `role` varchar(255) DEFAULT NULL,
  `routine` int(11) DEFAULT NULL,
  `start_at` datetime(6) DEFAULT NULL,
  `updated_at` datetime(6) DEFAULT NULL,
  `week` int(11) DEFAULT NULL,
  `hid` bigint(20) DEFAULT NULL,
  `uid` bigint(20) DEFAULT NULL,
  PRIMARY KEY (`id`),
  KEY `FKpo5ijmfqgcwu0v71o08gbjqem` (`hid`),
  KEY `FKkwnci56jrf7tlne47paw1f15q` (`uid`),
  CONSTRAINT `FKkwnci56jrf7tlne47paw1f15q` FOREIGN KEY (`uid`) REFERENCES `users` (`id`),
  CONSTRAINT `FKpo5ijmfqgcwu0v71o08gbjqem` FOREIGN KEY (`hid`) REFERENCES `house` (`id`)
) ENGINE=InnoDB AUTO_INCREMENT=64 DEFAULT CHARSET=utf8mb4;

-- 테이블 데이터 mnm.house_role:~25 rows (대략적) 내보내기
/*!40000 ALTER TABLE `house_role` DISABLE KEYS */;
INSERT INTO `house_role` (`id`, `create_at`, `role`, `routine`, `start_at`, `updated_at`, `week`, `hid`, `uid`) VALUES
	(1, '2021-11-24 15:26:42.000000', '설거지하기', 1, '2021-11-24 15:29:10.000000', '2021-11-24 15:29:14.000000', 1, 1, 1),
	(2, '2021-11-24 15:27:20.000000', '저녁식사 준비하기', 1, '2021-11-24 15:29:12.000000', '2021-11-24 15:29:15.000000', 1, 1, 2),
	(3, '2021-11-24 15:37:40.000000', '청소기 돌리기', 1, '2021-11-24 15:37:16.000000', '2021-11-24 15:37:14.000000', 1, 1, 3),
	(4, '2021-11-25 14:35:34.477000', '블핑하우스 보기', 0, NULL, '2021-11-25 14:35:34.477000', 0, 1, 3),
	(28, '2021-11-25 16:24:15.734000', '해리', 0, NULL, '2021-11-25 16:24:15.734000', 0, 6, 285),
	(33, '2021-11-25 16:46:33.341000', '안뇽', 0, NULL, '2021-11-25 16:46:33.341000', 0, 6, 285),
	(34, '2021-11-25 16:47:23.115000', '메롱', 0, NULL, '2021-11-25 16:47:23.115000', 0, 6, 285),
	(37, '2021-11-25 19:06:10.418000', '테스트', 0, NULL, '2021-11-25 19:06:10.418000', 0, 6, 285),
	(44, '2021-11-26 01:07:45.379000', '모든 구현을 마친다.', 0, NULL, '2021-11-26 01:07:45.379000', 0, 13, 67),
	(45, '2021-11-26 01:07:58.161000', '기능을 모두 테스트 해본다.', 0, NULL, '2021-11-26 01:07:58.161000', 0, 13, 67),
	(46, '2021-11-26 01:08:04.300000', '동영상을 찍는다.', 0, NULL, '2021-11-26 01:08:04.300000', 0, 13, 67),
	(47, '2021-11-26 03:52:13.848000', '매일 1시간 이상 공부하기', 0, NULL, '2021-11-26 03:52:13.848000', 0, 12, 285),
	(51, '2021-11-26 04:41:44.984000', '분리수거 비우기 (월)', 0, NULL, '2021-11-26 04:41:44.984000', 0, 14, 285),
	(52, '2021-11-26 05:05:48.328000', '추가', 0, NULL, '2021-11-26 05:05:48.329000', 0, 6, 285),
	(53, '2021-11-26 13:57:01.004000', '빨래 널기', 0, NULL, '2021-11-26 13:57:01.004000', 0, 16, 292),
	(54, '2021-11-26 13:57:23.210000', '분리수거 (화)', 0, NULL, '2021-11-26 13:57:23.210000', 0, 16, 294),
	(55, '2021-11-26 13:57:43.118000', '장보기 (토)', 0, NULL, '2021-11-26 13:57:43.118000', 0, 16, 292),
	(56, '2021-11-26 14:10:22.943000', '빨래 (월)', 0, NULL, '2021-11-26 14:10:22.943000', 0, 17, 292),
	(57, '2021-11-26 14:10:37.847000', '전체 공용 공간 청소 (토)', 0, NULL, '2021-11-26 14:10:37.847000', 0, 17, 292),
	(58, '2021-11-26 14:10:59.651000', '전체 공용 공간 청소 (화)', 0, NULL, '2021-11-26 14:10:59.651000', 0, 17, 294),
	(59, '2021-11-26 14:11:19.627000', '장보기 (수, 일)', 0, NULL, '2021-11-26 14:11:19.627000', 0, 17, 294),
	(60, '2021-11-26 14:24:38.769000', '장보기 (월)', 0, NULL, '2021-11-26 14:24:38.769000', 0, 18, 294),
	(61, '2021-11-26 14:24:52.111000', '청소하기 (토)', 0, NULL, '2021-11-26 14:24:52.111000', 0, 18, 294),
	(62, '2021-11-26 14:25:09.829000', '저녁 요리하기 (수)', 0, NULL, '2021-11-26 14:25:09.829000', 0, 18, 292),
	(63, '2021-11-26 14:25:21.570000', '점심 요리하기 (금)', 0, NULL, '2021-11-26 14:25:21.570000', 0, 18, 294);
/*!40000 ALTER TABLE `house_role` ENABLE KEYS */;

-- 테이블 mnm.house_rule 구조 내보내기
CREATE TABLE IF NOT EXISTS `house_rule` (
  `id` bigint(20) NOT NULL AUTO_INCREMENT,
  `agree_at` datetime(6) DEFAULT NULL,
  `create_at` datetime(6) DEFAULT NULL,
  `lower_num` int(11) DEFAULT NULL,
  `new_rule` varchar(255) DEFAULT NULL,
  `original_rule` varchar(255) DEFAULT NULL,
  `updated_at` datetime(6) DEFAULT NULL,
  `upper_num` int(11) DEFAULT NULL,
  `hid` bigint(20) DEFAULT NULL,
  `uid` bigint(20) DEFAULT NULL,
  PRIMARY KEY (`id`),
  KEY `FK8rs8uiuw0msji6v6in2vo60a1` (`hid`),
  KEY `FKnnpsop5h8jgotv6loqwb84en2` (`uid`),
  CONSTRAINT `FK8rs8uiuw0msji6v6in2vo60a1` FOREIGN KEY (`hid`) REFERENCES `house` (`id`),
  CONSTRAINT `FKnnpsop5h8jgotv6loqwb84en2` FOREIGN KEY (`uid`) REFERENCES `users` (`id`)
) ENGINE=InnoDB AUTO_INCREMENT=39 DEFAULT CHARSET=utf8mb4;

-- 테이블 데이터 mnm.house_rule:~29 rows (대략적) 내보내기
/*!40000 ALTER TABLE `house_rule` DISABLE KEYS */;
INSERT INTO `house_rule` (`id`, `agree_at`, `create_at`, `lower_num`, `new_rule`, `original_rule`, `updated_at`, `upper_num`, `hid`, `uid`) VALUES
	(1, '2021-11-24 18:43:50.000000', '2021-11-24 11:33:21.000000', 1, '블핑하우스 본방사수', '블핑하우스 본방사수', '2021-11-24 11:32:50.000000', 1, 1, 1),
	(2, '2021-11-24 18:43:51.000000', '2021-11-24 11:36:44.000000', 2, '라리사 노래 스밍', '리사 노래 스밍', '2021-11-24 11:37:06.000000', 1, 1, 2),
	(3, '2021-11-24 18:45:09.000000', '2021-11-24 18:45:11.000000', 3, 'NCT 127 티케팅 ', 'NCT 127 티케팅 ', '2021-11-24 18:45:30.000000', 1, 1, 3),
	(4, '2021-11-24 19:09:23.000000', '2021-11-24 19:09:25.000000', 4, '김남길 제작발표회 참여', '김남길 제작발표회 참여', '2021-11-24 19:09:53.000000', 1, 1, 1),
	(5, NULL, '2021-11-25 19:42:36.610000', 0, '안녕', '안녕', '2021-11-25 19:42:36.610000', 0, 6, 285),
	(6, NULL, '2021-11-25 19:43:19.247000', 0, '규칙2', '규칙2', '2021-11-25 19:43:19.247000', 0, 6, 285),
	(7, NULL, '2021-11-25 19:45:08.297000', 0, '규칙3', '규칙3', '2021-11-25 19:45:08.297000', 0, 6, 285),
	(12, NULL, '2021-11-26 00:57:05.786000', 0, '모자를 꼭 쓴다.', '모자를 꼭 쓴다.', '2021-11-26 00:57:05.786000', 0, 13, 67),
	(13, NULL, '2021-11-26 00:57:22.166000', 0, '과자를 먹으며 체력을 보충한다.', '과자를 먹으며 체력을 보충한다.', '2021-11-26 00:57:22.166000', 0, 13, 67),
	(14, NULL, '2021-11-26 00:57:41.096000', 0, '사과를 사온다.', '사과를 사온다.', '2021-11-26 00:57:41.096000', 0, 13, 67),
	(15, NULL, '2021-11-26 01:01:22.047000', 0, '물을 자주 마신다.', '물을 자주 마신다.', '2021-11-26 01:01:22.047000', 0, 13, 67),
	(16, NULL, '2021-11-26 01:01:58.187000', 0, '울지는 말자.', '울지는 말자.', '2021-11-26 01:01:58.187000', 0, 13, 67),
	(18, NULL, '2021-11-26 04:39:52.734000', 0, '아침에 일어나면 항상 비문학 한 지문을 풉니다.', '아침에 일어나면 항상 비문학 한 지문을 풉니다.', '2021-11-26 04:39:52.734000', 0, 14, 285),
	(19, NULL, '2021-11-26 04:40:02.844000', 0, '점심을 먹으면서 영어단어를 외웁니다.', '점심을 먹으면서 영어단어를 외웁니다.', '2021-11-26 04:40:02.844000', 0, 14, 285),
	(20, NULL, '2021-11-26 04:40:10.387000', 0, '점심을 먹고 산책을 하며 영어 쉐도윙을 합니다.', '점심을 먹고 산책을 하며 영어 쉐도윙을 합니다.', '2021-11-26 04:40:10.387000', 0, 14, 285),
	(22, NULL, '2021-11-26 13:54:51.176000', 0, '공용 공간의 경우 어지럽히지 않습니다.', '공용 공간의 경우 어지럽히지 않습니다.', '2021-11-26 13:54:51.176000', 0, 16, 294),
	(23, NULL, '2021-11-26 13:55:22.729000', 0, '공동 생활비의 경우 매월 5일에 정산합니다. (식재료, 배달음식 등)', '공동 생활비의 경우 매월 5일에 정산합니다. (식재료, 배달음식 등)', '2021-11-26 13:55:22.729000', 0, 16, 294),
	(25, NULL, '2021-11-26 13:56:06.424000', 0, '항상 서로를 배려해줍니다.', '항상 서로를 배려해줍니다.', '2021-11-26 13:56:06.424000', 0, 16, 294),
	(26, NULL, '2021-11-26 14:08:08.487000', 0, '항상 서로 배려해줍니다.', '항상 서로 배려해줍니다.', '2021-11-26 14:08:08.487000', 0, 17, 294),
	(27, NULL, '2021-11-26 14:08:19.473000', 0, '서로 비난하지 않습니다.', '서로 비난하지 않습니다.', '2021-11-26 14:08:19.473000', 0, 17, 294),
	(28, NULL, '2021-11-26 14:08:36.497000', 0, '하우스 롤(투두리스트)를 잘 지킵니다.', '하우스 롤(투두리스트)를 잘 지킵니다.', '2021-11-26 14:08:36.497000', 0, 17, 294),
	(29, NULL, '2021-11-26 14:08:47.512000', 0, '공용 공간은 어지럽히지 않습니다.', '공용 공간은 어지럽히지 않습니다.', '2021-11-26 14:08:47.512000', 0, 17, 294),
	(30, NULL, '2021-11-26 14:09:13.351000', 0, '식재료, 배달비 등의 공동 생활비의 경우 매월 5일에 정산합니다.', '식재료, 배달비 등의 공동 생활비의 경우 매월 5일에 정산합니다.', '2021-11-26 14:09:13.351000', 0, 17, 294),
	(33, NULL, '2021-11-26 14:22:46.613000', 0, '서로를 배려합니다.', '서로를 배려합니다.', '2021-11-26 14:22:46.613000', 0, 18, 294),
	(34, NULL, '2021-11-26 14:22:59.801000', 0, '밤에는 소음을 내지 않습니다.', '밤에는 소음을 내지 않습니다.', '2021-11-26 14:22:59.801000', 0, 18, 294),
	(35, NULL, '2021-11-26 14:23:21.321000', 0, '지인이 출입해야할 경우 사전에 서로 조율합니다.', '지인이 출입해야할 경우 사전에 서로 조율합니다.', '2021-11-26 14:23:21.321000', 0, 18, 294),
	(36, NULL, '2021-11-26 14:23:41.560000', 0, '공용 공간은 어지럽히지 않습니다.', '공용 공간은 어지럽히지 않습니다.', '2021-11-26 14:23:41.560000', 0, 18, 294),
	(37, NULL, '2021-11-26 14:24:07.752000', 0, '공동 생활비는 매월 5일에 정산합니다.(식재료, 전기세 등)', '공동 생활비는 매월 5일에 정산합니다.(식재료, 전기세 등)', '2021-11-26 14:24:07.752000', 0, 18, 294);
/*!40000 ALTER TABLE `house_rule` ENABLE KEYS */;

-- 테이블 mnm.house_rule_agree 구조 내보내기
CREATE TABLE IF NOT EXISTS `house_rule_agree` (
  `id` bigint(20) NOT NULL AUTO_INCREMENT,
  `agree_at` datetime(6) DEFAULT NULL,
  `agree_or_not` bit(1) DEFAULT NULL,
  `create_at` datetime(6) DEFAULT NULL,
  `delete_at` datetime(6) DEFAULT NULL,
  `disagree_reason` varchar(255) DEFAULT NULL,
  `lower_num` int(11) DEFAULT NULL,
  `updated_at` datetime(6) DEFAULT NULL,
  `hid` bigint(20) DEFAULT NULL,
  `uid` bigint(20) DEFAULT NULL,
  PRIMARY KEY (`id`),
  KEY `FKofnnfftnd9cyts6giwh3lg84h` (`hid`),
  KEY `FKfkuwolma2q4u06bfqs6gkjrt5` (`uid`),
  CONSTRAINT `FKfkuwolma2q4u06bfqs6gkjrt5` FOREIGN KEY (`uid`) REFERENCES `users` (`id`),
  CONSTRAINT `FKofnnfftnd9cyts6giwh3lg84h` FOREIGN KEY (`hid`) REFERENCES `house` (`id`)
) ENGINE=InnoDB DEFAULT CHARSET=latin1;

-- 테이블 데이터 mnm.house_rule_agree:~0 rows (대략적) 내보내기
/*!40000 ALTER TABLE `house_rule_agree` DISABLE KEYS */;
/*!40000 ALTER TABLE `house_rule_agree` ENABLE KEYS */;

-- 테이블 mnm.matching_infos 구조 내보내기
CREATE TABLE IF NOT EXISTS `matching_infos` (
  `id` bigint(20) NOT NULL AUTO_INCREMENT,
  `air_like_airconditioner` int(11) DEFAULT NULL,
  `air_like_heater` int(11) DEFAULT NULL,
  `eat_together` int(11) DEFAULT NULL,
  `mate_alcohol` int(11) DEFAULT NULL,
  `mate_bug_killer` int(11) DEFAULT NULL,
  `mate_clean` int(11) DEFAULT NULL,
  `mate_cooking` int(11) DEFAULT NULL,
  `mate_pet` int(11) DEFAULT NULL,
  `mate_pet_bird` int(11) DEFAULT NULL,
  `mate_pet_cat` int(11) DEFAULT NULL,
  `mate_pet_dog` int(11) DEFAULT NULL,
  `mate_pet_etc` varchar(50) DEFAULT NULL,
  `mate_pet_reptile_fish` int(11) DEFAULT NULL,
  `mate_pet_rodent` int(11) DEFAULT NULL,
  `mate_smoking` int(11) DEFAULT NULL,
  `mbti` varchar(255) DEFAULT NULL,
  `permission_to_enter` int(11) DEFAULT NULL,
  `share_item` int(11) DEFAULT NULL,
  `user_bug_killer` int(11) DEFAULT NULL,
  `usesr_cooking` int(11) DEFAULT NULL,
  `user_pet` int(11) DEFAULT NULL,
  `user_pet_bird` int(11) DEFAULT NULL,
  `user_pet_cat` int(11) DEFAULT NULL,
  `user_pet_dog` int(11) DEFAULT NULL,
  `user_pet_etc` varchar(255) DEFAULT NULL,
  `user_pet_reptile_fish` int(11) DEFAULT NULL,
  `user_pet_rodent` int(11) DEFAULT NULL,
  `user_smoking` int(11) DEFAULT NULL,
  `uid` bigint(20) DEFAULT NULL,
  `user_cooking` int(11) DEFAULT NULL,
  `noise_talking` int(11) DEFAULT NULL,
  `noise_music` int(11) DEFAULT NULL,
  `noise_alarm` int(11) DEFAULT NULL,
  PRIMARY KEY (`id`),
  KEY `FKaxvfygvgbdin00a21wjnikekx` (`uid`),
  CONSTRAINT `FKaxvfygvgbdin00a21wjnikekx` FOREIGN KEY (`uid`) REFERENCES `users` (`id`)
) ENGINE=InnoDB AUTO_INCREMENT=88 DEFAULT CHARSET=utf8mb4;

-- 테이블 데이터 mnm.matching_infos:~79 rows (대략적) 내보내기
/*!40000 ALTER TABLE `matching_infos` DISABLE KEYS */;
INSERT INTO `matching_infos` (`id`, `air_like_airconditioner`, `air_like_heater`, `eat_together`, `mate_alcohol`, `mate_bug_killer`, `mate_clean`, `mate_cooking`, `mate_pet`, `mate_pet_bird`, `mate_pet_cat`, `mate_pet_dog`, `mate_pet_etc`, `mate_pet_reptile_fish`, `mate_pet_rodent`, `mate_smoking`, `mbti`, `permission_to_enter`, `share_item`, `user_bug_killer`, `usesr_cooking`, `user_pet`, `user_pet_bird`, `user_pet_cat`, `user_pet_dog`, `user_pet_etc`, `user_pet_reptile_fish`, `user_pet_rodent`, `user_smoking`, `uid`, `user_cooking`, `noise_talking`, `noise_music`, `noise_alarm`) VALUES
	(1, 2, 2, 1, 2, 1, 2, 0, 2, 0, 0, 0, NULL, 0, 0, 2, 'INFP', 1, 2, 3, NULL, 0, 0, 0, 0, NULL, 0, 0, 0, 1, 0, 3, 3, 1),
	(2, 1, 3, 0, 3, 0, 3, 0, 2, 0, 0, 0, NULL, 0, 0, 2, 'INTP', 2, 2, 2, NULL, 0, 0, 0, 0, NULL, 0, 0, 0, 2, 0, 3, 3, 0),
	(3, 1, 1, 0, 3, 1, 2, 0, 2, 0, 0, 0, NULL, 0, 0, 2, 'ESFP', 2, 2, 3, NULL, 0, 0, 0, 0, NULL, 0, 0, 0, 3, 1, 3, 2, 1),
	(4, 2, 2, 1, 4, 0, 2, 0, 3, 0, 0, 0, NULL, 0, 0, 2, '모른다', 2, 2, 1, NULL, 0, 0, 0, 0, NULL, 0, 0, 0, 4, 0, 3, 3, 0),
	(5, 2, 3, 0, 1, 0, 2, 0, 3, 0, 0, 0, NULL, 0, 0, 2, 'INTP', 2, 3, 2, NULL, 0, 0, 0, 0, NULL, 0, 0, 0, 5, 0, 3, 3, 1),
	(6, 1, 3, 1, 3, 0, 2, 0, 3, 0, 0, 0, NULL, 0, 0, 2, 'ENFP', 3, 2, 2, NULL, 0, 0, 0, 0, NULL, 0, 0, 0, 6, 0, 3, 3, 1),
	(7, 1, 1, 1, 1, 0, 2, 0, 2, 0, 0, 0, NULL, 0, 0, 2, 'ENFJ', 3, 2, 2, NULL, 0, 0, 0, 0, NULL, 0, 0, 0, 7, 0, 3, 2, 1),
	(8, 2, 3, 1, 1, 0, 3, 0, 2, 0, 0, 0, NULL, 0, 0, 2, 'ENFJ', 2, 2, 2, NULL, 0, 0, 0, 0, NULL, 0, 0, 0, 8, 0, 3, 3, 1),
	(9, 3, 3, 0, 3, 0, 2, 0, 2, 0, 0, 0, NULL, 0, 0, 2, 'INTP', 2, 2, 3, NULL, 0, 0, 0, 0, NULL, 0, 0, 0, 9, 0, 2, 2, 1),
	(10, 2, 1, 0, 3, 0, 2, 0, 1, 0, 0, 0, NULL, 0, 0, 2, 'ISFJ', 2, 2, 3, NULL, 0, 0, 0, 0, NULL, 0, 0, 0, 10, 1, 2, 2, 0),
	(11, 1, 3, 1, 3, 1, 2, 0, 2, 0, 0, 0, NULL, 0, 0, 2, '모른다', 2, 2, 3, NULL, 0, 0, 0, 0, NULL, 0, 0, 0, 11, 0, 3, 3, 1),
	(12, 2, 3, 1, 1, 0, 3, 0, 2, 0, 0, 0, NULL, 0, 0, 2, 'INTJ', 2, 2, 3, NULL, 1, 0, 1, 0, NULL, 0, 0, 0, 12, 0, 2, 3, 1),
	(13, 1, 3, 0, 3, 0, 2, 0, 3, 0, 0, 0, NULL, 0, 0, 2, 'ENFJ', 2, 2, 2, NULL, 0, 0, 0, 0, NULL, 0, 0, 0, 13, 0, 1, 1, 1),
	(14, 1, 2, 1, 3, 0, 2, 0, 2, 0, 0, 0, NULL, 0, 0, 3, 'ISFP', 2, 2, 1, NULL, 0, 0, 0, 0, NULL, 0, 0, 0, 14, 1, 3, 3, 1),
	(15, 1, 2, 1, 4, 1, 3, 0, 3, 0, 0, 0, NULL, 0, 0, 2, 'ENTJ', 1, 2, 1, NULL, 0, 0, 0, 0, NULL, 0, 0, 0, 15, 0, 3, 3, 0),
	(16, 2, 3, 1, 3, 0, 2, 0, 2, 0, 0, 0, NULL, 0, 0, 2, 'INFP', 2, 2, 2, NULL, 0, 0, 0, 0, NULL, 0, 0, 0, 16, 1, 2, 2, 1),
	(17, 2, 2, 1, 3, 1, 3, 0, 2, 0, 0, 0, NULL, 0, 0, 2, 'INFP', 1, 2, 3, NULL, 0, 0, 0, 0, NULL, 0, 0, 0, 17, 0, 1, 1, 1),
	(18, 1, 3, 1, 2, 1, 2, 0, 3, 0, 0, 0, NULL, 0, 0, 2, 'ENFJ', 2, 3, 2, NULL, 0, 0, 0, 0, NULL, 0, 0, 0, 18, 0, 3, 3, 1),
	(19, 1, 3, 1, 3, 0, 2, 0, 2, 0, 0, 0, NULL, 0, 0, 2, 'ENTP', 2, 2, 1, NULL, 0, 0, 0, 0, NULL, 0, 0, 0, 19, 1, 3, 3, 1),
	(20, 1, 1, 1, 1, 1, 2, 0, 3, 0, 0, 0, NULL, 0, 0, 2, 'ISTP', 1, 3, 2, NULL, 0, 0, 0, 0, NULL, 0, 0, 0, 20, 1, 2, 2, 1),
	(21, 2, 3, 1, 3, 0, 2, 0, 2, 0, 0, 0, NULL, 0, 0, 2, 'ISFJ', 2, 2, 2, NULL, 0, 0, 0, 0, NULL, 0, 0, 0, 21, 0, 3, 3, 1),
	(22, 1, 1, 0, 3, 1, 2, 0, 2, 0, 0, 0, NULL, 0, 0, 2, 'ISFP', 2, 2, 3, NULL, 1, 0, 0, 1, NULL, 0, 0, 0, 22, 0, 3, 3, 1),
	(23, 2, 1, 0, 1, 1, 2, 0, 3, 0, 0, 0, NULL, 0, 0, 2, 'ISTJ', 1, 2, 3, NULL, 0, 0, 0, 0, NULL, 0, 0, 0, 23, 1, 2, 2, 0),
	(24, 1, 3, 0, 3, 0, 3, 0, 2, 0, 0, 0, NULL, 0, 0, 3, 'ENFJ', 2, 3, 1, NULL, 0, 0, 0, 0, NULL, 0, 0, 1, 24, 0, 2, 2, 1),
	(25, 2, 3, 0, 3, 1, 2, 0, 3, 0, 0, 0, NULL, 0, 0, 2, 'ISTP', 1, 2, 2, NULL, 0, 0, 0, 0, NULL, 0, 0, 0, 25, 1, 3, 3, 1),
	(26, 2, 1, 1, 3, 0, 3, 0, 2, 0, 0, 0, NULL, 0, 0, 2, 'INFJ', 2, 2, 3, NULL, 0, 0, 0, 0, NULL, 0, 0, 0, 26, 0, 3, 3, 1),
	(27, 2, 1, 0, 3, 1, 2, 0, 2, 0, 0, 0, NULL, 0, 0, 3, 'INFP', 2, 2, 2, NULL, 0, 0, 0, 0, NULL, 0, 0, 1, 27, 1, 2, 3, 1),
	(28, 1, 2, 0, 3, 1, 1, 0, 2, 0, 0, 0, NULL, 0, 0, 2, 'INFJ', 2, 2, 3, NULL, 0, 0, 0, 0, NULL, 0, 0, 0, 28, 0, 1, 3, 0),
	(29, 2, 2, 1, 1, 0, 2, 0, 2, 0, 0, 0, NULL, 0, 0, 2, 'ESFP', 2, 2, 1, NULL, 0, 0, 0, 0, NULL, 0, 0, 0, 29, 1, 3, 2, 1),
	(30, 2, 1, 0, 3, 0, 1, 0, 3, 0, 0, 0, NULL, 0, 0, 2, 'ISFJ', 2, 2, 2, NULL, 0, 0, 0, 0, NULL, 0, 0, 0, 30, 1, 2, 2, 1),
	(31, 1, 1, 1, 3, 0, 2, 0, 3, 0, 0, 0, NULL, 0, 0, 3, 'ESFP', 2, 2, 1, NULL, 0, 0, 0, 0, NULL, 0, 0, 1, 31, 1, 2, 2, 1),
	(32, 3, 1, 0, 3, 1, 2, 0, 2, 0, 0, 0, NULL, 0, 0, 2, 'INFP', 2, 1, 2, NULL, 0, 0, 0, 0, NULL, 0, 0, 0, 32, 0, 3, 3, 0),
	(33, 2, 2, 1, 3, 1, 1, 0, 2, 0, 0, 0, NULL, 0, 0, 3, 'ENFP', 2, 2, 3, NULL, 0, 0, 0, 0, NULL, 0, 0, 1, 33, 0, 3, 1, 1),
	(34, 3, 2, 0, 4, 0, 1, 0, 3, 0, 0, 0, NULL, 0, 0, 3, 'ENFJ', 2, 2, 1, NULL, 0, 0, 0, 0, NULL, 0, 0, 0, 34, 0, 2, 2, 0),
	(35, 1, 3, 0, 3, 1, 3, 0, 2, 0, 0, 0, NULL, 0, 0, 2, 'ISFP', 2, 2, 2, NULL, 1, 0, 1, 1, NULL, 0, 0, 0, 35, 1, 2, 2, 0),
	(36, 1, 2, 1, 3, 0, 3, 0, 2, 0, 0, 0, NULL, 0, 0, 1, 'ENTJ', 2, 2, 2, NULL, 1, 0, 0, 1, NULL, 0, 0, 1, 36, 1, 3, 3, 0),
	(37, 2, 3, 0, 3, 0, 3, 0, 2, 0, 0, 0, NULL, 0, 0, 2, 'INFP', 3, 2, 1, NULL, 0, 0, 0, 1, NULL, 0, 0, 0, 37, 1, 3, 3, 1),
	(38, 1, 3, 0, 3, 1, 2, 0, 2, 0, 0, 0, NULL, 0, 0, 1, '모른다', 1, 2, 3, NULL, 0, 0, 0, 1, NULL, 0, 0, 1, 38, 0, 3, 2, 0),
	(39, 1, 2, 1, 3, 0, 2, 0, 2, 0, 0, 0, NULL, 0, 0, 2, 'INFJ', 2, 2, 2, NULL, 1, 0, 1, 1, NULL, 0, 0, 0, 39, 0, 3, 3, 1),
	(40, 1, 3, 1, 3, 0, 2, 0, 2, 0, 0, 0, NULL, 0, 0, 2, 'ESFJ', 3, 2, 1, NULL, 0, 0, 0, 0, NULL, 0, 0, 0, 40, 1, 2, 3, 1),
	(41, 2, 2, 1, 3, 0, 3, 0, 2, 0, 0, 0, NULL, 0, 0, 2, 'INFP', 2, 2, 2, NULL, 0, 0, 0, 0, NULL, 0, 0, 0, 41, 0, 3, 3, 0),
	(42, 1, 1, 1, 1, 1, 2, 0, 3, 0, 0, 0, NULL, 0, 0, 2, '모른다', 2, 2, 3, NULL, 0, 0, 0, 0, NULL, 0, 0, 0, 42, 0, 3, 3, 1),
	(43, 2, 3, 0, 3, 0, 2, 0, 3, 0, 0, 0, NULL, 0, 0, 2, 'ESFJ', 2, 2, 2, NULL, 0, 0, 0, 0, NULL, 0, 0, 0, 43, 0, 2, 2, 0),
	(44, 1, 3, 1, 1, 1, 1, 0, 3, 0, 0, 0, NULL, 0, 0, 2, 'ISTJ', 2, 2, 3, NULL, 1, 0, 0, 1, NULL, 0, 0, 0, 44, 1, 2, 2, 1),
	(45, 3, 3, 1, 3, 1, 3, 0, 2, 0, 0, 0, NULL, 0, 0, 3, 'ENFP', 1, 2, 2, NULL, 0, 0, 0, 0, NULL, 0, 0, 0, 45, 0, 3, 3, 1),
	(46, 1, 2, 0, 4, 1, 3, 0, 1, 0, 0, 0, NULL, 0, 0, 2, 'INTJ', 2, 2, 3, NULL, 1, 0, 1, 0, NULL, 0, 0, 0, 46, 0, 3, 3, 0),
	(47, 1, 1, 1, 3, 0, 2, 0, 2, 0, 0, 0, NULL, 0, 0, 3, 'ENTP', 2, 2, 2, NULL, 0, 0, 0, 0, NULL, 0, 0, 1, 47, 1, 2, 2, 1),
	(48, 2, 3, 1, 3, 1, 2, 0, 2, 0, 0, 0, NULL, 0, 0, 2, 'ISFJ', 2, 2, 3, NULL, 0, 0, 0, 0, NULL, 0, 0, 0, 48, 1, 3, 3, 1),
	(49, 3, 1, 1, 4, 1, 2, 0, 3, 0, 0, 0, NULL, 0, 0, 2, 'ESFP', 2, 2, 3, NULL, 0, 0, 0, 0, NULL, 0, 0, 0, 49, 0, 2, 3, 1),
	(50, 1, 1, 1, 3, 0, 2, 0, 2, 0, 0, 0, NULL, 0, 0, 2, 'ENFJ', 2, 2, 1, NULL, 1, 0, 0, 1, NULL, 0, 0, 0, 50, 0, 3, 3, 1),
	(51, 2, 1, 1, 2, 1, 2, 0, 2, 0, 0, 0, NULL, 0, 0, 3, 'INFP', 2, 1, 3, NULL, 0, 0, 0, 0, NULL, 0, 0, 0, 51, 0, 3, 3, 0),
	(52, 1, 3, 0, 3, 1, 2, 0, 2, 0, 0, 0, NULL, 0, 0, 2, 'ISFJ', 2, 2, 2, NULL, 1, 0, 1, 0, NULL, 0, 0, 0, 52, 1, 3, 3, 1),
	(53, 2, 2, 1, 3, 0, 3, 0, 3, 0, 0, 0, NULL, 0, 0, 2, 'ISFP', 2, 2, 2, NULL, 0, 0, 0, 0, NULL, 0, 0, 0, 53, 1, 3, 3, 0),
	(54, 1, 3, 1, 3, 0, 2, 0, 2, 0, 0, 0, NULL, 0, 0, 2, 'ESFJ', 2, 2, 1, NULL, 0, 0, 0, 0, NULL, 0, 0, 0, 54, 1, 3, 3, 1),
	(55, 3, 3, 1, 3, 1, 2, 0, 3, 0, 0, 0, NULL, 0, 0, 2, 'INFJ', 2, 2, 2, NULL, 0, 0, 0, 0, NULL, 0, 0, 0, 55, 0, 2, 2, 1),
	(56, 1, 3, 1, 3, 0, 2, 0, 2, 0, 0, 0, NULL, 0, 0, 2, 'ESFJ', 3, 2, 1, NULL, 0, 0, 0, 0, NULL, 0, 0, 0, 56, 0, 3, 3, 0),
	(57, 2, 2, 1, 1, 1, 2, 0, 3, 0, 0, 0, NULL, 0, 0, 2, 'ESFP', 2, 2, 2, NULL, 0, 0, 0, 0, NULL, 0, 0, 0, 57, 1, 3, 2, 0),
	(58, 2, 1, 0, 3, 1, 2, 0, 2, 0, 0, 0, NULL, 0, 0, 2, 'INTJ', 2, 2, 1, NULL, 0, 0, 0, 0, NULL, 0, 0, 0, 58, 0, 3, 3, 1),
	(59, 1, 3, 0, 3, 0, 2, 0, 3, 0, 0, 0, NULL, 0, 0, 2, 'ISFP', 2, 2, 2, NULL, 0, 0, 0, 0, NULL, 0, 0, 0, 59, 1, 3, 3, 1),
	(60, 1, 3, 0, 3, 0, 2, 0, 3, 0, 0, 0, NULL, 0, 0, 2, 'ISFP', 2, 2, 2, NULL, 0, 0, 0, 0, NULL, 0, 0, 0, 60, 0, 2, 2, 1),
	(61, 2, 3, 1, 4, 0, 3, 0, 2, 0, 0, 0, NULL, 0, 0, 2, 'ENFP', 2, 2, 1, NULL, 0, 0, 0, 0, NULL, 0, 0, 0, 61, 0, 3, 3, 1),
	(62, 1, 2, 0, 4, 0, 2, 0, 2, 0, 0, 0, NULL, 0, 0, 3, 'ISFP', 2, 2, 1, NULL, 1, 0, 1, 1, NULL, 0, 0, 0, 62, 1, 3, 3, 0),
	(63, 1, 1, 1, 1, 1, 2, 0, 2, 0, 0, 0, NULL, 0, 0, 2, 'INTP', 3, 2, 3, NULL, 0, 0, 0, 0, NULL, 0, 0, 0, 63, 0, 3, 3, 1),
	(64, 1, 3, 0, 1, 1, 2, 0, 2, 0, 0, 0, NULL, 0, 0, 2, 'ISFJ', 1, 2, 3, NULL, 1, 0, 1, 1, NULL, 0, 0, 0, 64, 1, 2, 2, 1),
	(65, 2, 3, 1, 3, 0, 3, 0, 3, 0, 0, 0, NULL, 0, 0, 2, 'ISTP', 2, 2, 1, NULL, 0, 0, 0, 0, NULL, 0, 0, 0, 65, 0, 2, 2, 0),
	(66, 2, 3, 1, 3, 1, 2, 0, 2, 0, 0, 0, NULL, 0, 0, 2, 'ESFP', 1, 2, 3, NULL, 0, 0, 0, 0, NULL, 0, 0, 0, 66, 0, 2, 2, 0),
	(67, 2, 1, 1, 4, 1, 2, 0, 2, 0, 0, 0, NULL, 0, 0, 1, 'ENFJ', 2, 2, 2, NULL, 1, 0, 0, 1, NULL, 0, 0, 1, 67, 1, 3, 3, 0),
	(68, 1, 2, 1, 3, 0, 2, 0, 2, 0, 0, 0, NULL, 0, 0, 2, 'ISFJ', 2, 2, 2, NULL, 0, 0, 0, 0, NULL, 0, 0, 0, 68, 1, 3, 3, 0),
	(69, 2, 1, 1, 3, 0, 2, 0, 2, 0, 0, 0, NULL, 0, 0, 2, 'ISFJ', 2, 2, 1, NULL, 0, 0, 0, 0, NULL, 0, 0, 0, 69, 1, 2, 2, 0),
	(70, 2, 2, 1, 4, 0, 2, 0, 1, 0, 0, 0, NULL, 0, 0, 3, '모른다', 2, 2, 1, NULL, 0, 0, 0, 0, NULL, 0, 0, 0, 70, 0, 3, 3, 1),
	(71, 1, 3, 0, 3, 0, 2, 0, 2, 0, 0, 0, NULL, 0, 0, 2, 'INTP', 2, 2, 3, NULL, 0, 0, 0, 0, NULL, 0, 0, 0, 71, 1, 1, 1, 1),
	(72, 2, 2, 0, 2, 1, 2, 0, 2, 0, 0, 0, NULL, 0, 0, 2, 'ISTP', 2, 3, 3, NULL, 0, 0, 0, 0, NULL, 0, 0, 0, 72, 0, 2, 2, 0),
	(77, 1, 1, 1, 4, 0, 3, 0, 1, 0, 0, 0, '', 0, 0, 3, 'ENTP', 2, 1, 1, NULL, 1, 0, 1, 1, '고양이 4마리, 강아지 1마리', 0, 0, 0, 283, 1, 3, 3, 0),
	(78, 2, 2, 1, 3, 1, 2, 0, 2, 0, 0, 1, '', 0, 0, 3, 'INTJ', 1, 2, 3, NULL, 1, 0, 0, 1, '', 0, 0, 0, 285, 1, 2, 2, 1),
	(79, 2, 2, 0, 1, 0, 1, 1, 3, 0, 0, 0, '', 0, 0, 1, 'ESTJ', 2, 3, 1, NULL, 0, 0, 0, 0, '', 0, 0, 1, 286, 1, 1, 1, 1),
	(80, 2, 2, 1, 3, 0, 2, 0, 2, 0, 1, 1, '', 0, 0, 2, 'INTP', 2, 2, 3, NULL, 0, 0, 0, 0, '', 0, 0, 0, 287, 0, 2, 2, 1),
	(83, 1, 2, 1, 3, 0, 1, 0, 2, 0, 0, 1, '', 1, 0, 3, 'ENTP', 2, 1, 2, NULL, 1, 0, 0, 1, '헹크, 주황이', 1, 0, 0, 290, 0, 2, 2, 1),
	(84, 1, 1, 1, 3, 0, 2, 0, 2, 0, 0, 1, '', 0, 0, 2, 'ENFP', 3, 2, 3, NULL, 1, 0, 0, 1, '카이, 쿠마', 0, 0, 0, 291, 0, 2, 2, 1),
	(85, 2, 2, 1, 3, 0, 2, 0, 1, 0, 0, 0, '', 0, 0, 3, 'INFP', 2, 2, 3, NULL, 0, 0, 0, 0, '', 0, 0, 0, 292, 0, 2, 2, 1),
	(86, 2, 2, 1, 3, 0, 3, 0, 1, 0, 0, 0, '', 0, 0, 3, 'INTP', 2, 2, 3, NULL, 0, 0, 0, 0, '', 0, 0, 0, 293, 0, 2, 2, 1),
	(87, 1, 1, 1, 2, 0, 2, 0, 1, 0, 0, 0, '', 0, 0, 2, 'ENFJ', 2, 2, 3, NULL, 0, 0, 0, 0, '', 0, 0, 0, 294, 0, 2, 2, 1);
/*!40000 ALTER TABLE `matching_infos` ENABLE KEYS */;

-- 테이블 mnm.memo 구조 내보내기
CREATE TABLE IF NOT EXISTS `memo` (
  `id` bigint(20) NOT NULL AUTO_INCREMENT,
  `memo_text` varchar(200) NOT NULL,
  PRIMARY KEY (`id`)
) ENGINE=InnoDB DEFAULT CHARSET=utf8mb4;

-- 테이블 데이터 mnm.memo:~0 rows (대략적) 내보내기
/*!40000 ALTER TABLE `memo` DISABLE KEYS */;
/*!40000 ALTER TABLE `memo` ENABLE KEYS */;

-- 테이블 mnm.profiles 구조 내보내기
CREATE TABLE IF NOT EXISTS `profiles` (
  `id` bigint(20) NOT NULL AUTO_INCREMENT,
  `age` int(11) DEFAULT NULL,
  `description` varchar(255) DEFAULT NULL,
  `image` varchar(255) DEFAULT NULL,
  `name` varchar(255) DEFAULT NULL,
  `score` int(11) DEFAULT NULL,
  `sex` varchar(255) DEFAULT NULL,
  `uid` bigint(20) DEFAULT NULL,
  PRIMARY KEY (`id`),
  KEY `FKah1c9b1ds9xa1nu7jghwc8efc` (`uid`),
  CONSTRAINT `FKah1c9b1ds9xa1nu7jghwc8efc` FOREIGN KEY (`uid`) REFERENCES `users` (`id`)
) ENGINE=InnoDB AUTO_INCREMENT=101 DEFAULT CHARSET=utf8mb4;

-- 테이블 데이터 mnm.profiles:~78 rows (대략적) 내보내기
/*!40000 ALTER TABLE `profiles` DISABLE KEYS */;
INSERT INTO `profiles` (`id`, `age`, `description`, `image`, `name`, `score`, `sex`, `uid`) VALUES
	(1, 25, '저와 함께 살 멋쟁이를 구합니다.', 'images/profile/default.png', '남민영', 0, '1', 1),
	(2, 28, '저와 함께 살 멋쟁이를 구합니다.', 'images/profile/default.png', '최은혜', 0, '0', 2),
	(3, 22, '저와 함께 살 멋쟁이를 구합니다.', 'images/profile/default.png', '김서윤', 0, '1', 3),
	(4, 22, '저와 함께 살 멋쟁이를 구합니다.', 'images/profile/default.png', '신신혜', 0, '0', 4),
	(5, 22, '저와 함께 살 멋쟁이를 구합니다.', 'images/profile/default.png', '설종진', 0, '0', 5),
	(6, 25, '저와 함께 살 멋쟁이를 구합니다.', 'images/profile/default.png', '류명수', 0, '1', 6),
	(7, 22, '저와 함께 살 멋쟁이를 구합니다.', 'images/profile/default.png', '안영환', 0, '1', 7),
	(8, 22, '저와 함께 살 멋쟁이를 구합니다.', 'images/profile/default.png', '서민욱', 0, '1', 8),
	(9, 25, '저와 함께 살 멋쟁이를 구합니다.', 'images/profile/default.png', '백상수', 0, '1', 9),
	(10, 22, '저와 함께 살 멋쟁이를 구합니다.', 'images/profile/default.png', '홍형민', 0, '1', 10),
	(11, 25, '저와 함께 살 멋쟁이를 구합니다.', 'images/profile/default.png', '조도훈', 0, '1', 11),
	(12, 22, '저와 함께 살 멋쟁이를 구합니다.', 'images/profile/default.png', '안우재', 0, '1', 12),
	(13, 25, '저와 함께 살 멋쟁이를 구합니다.', 'images/profile/default.png', '권문식', 0, '1', 13),
	(14, 25, '저와 함께 살 멋쟁이를 구합니다.', 'images/profile/default.png', '손용호', 0, '1', 14),
	(15, 25, '저와 함께 살 멋쟁이를 구합니다.', 'images/profile/default.png', '안수현', 0, '0', 15),
	(16, 25, '저와 함께 살 멋쟁이를 구합니다.', 'images/profile/default.png', '양한길', 0, '1', 16),
	(17, 25, '저와 함께 살 멋쟁이를 구합니다.', 'images/profile/default.png', '강우람', 0, '1', 17),
	(18, 28, '저와 함께 살 멋쟁이를 구합니다.', 'images/profile/default.png', '제갈한결', 0, '0', 18),
	(19, 30, '저와 함께 살 멋쟁이를 구합니다.', 'images/profile/default.png', '허으뜸', 0, '0', 19),
	(20, 25, '저와 함께 살 멋쟁이를 구합니다.', 'images/profile/default.png', '전힘찬', 0, '1', 20),
	(21, 22, '저와 함께 살 멋쟁이를 구합니다.', 'images/profile/default.png', '전한길', 0, '1', 21),
	(22, 25, '저와 함께 살 멋쟁이를 구합니다.', 'images/profile/default.png', '제갈달', 0, '1', 22),
	(23, 19, '저와 함께 살 멋쟁이를 구합니다.', 'images/profile/default.png', '노믿음', 0, '1', 23),
	(24, 25, '저와 함께 살 멋쟁이를 구합니다.', 'images/profile/default.png', '성미르', 0, '0', 24),
	(25, 25, '저와 함께 살 멋쟁이를 구합니다.', 'images/profile/default.png', '류나길', 0, '1', 25),
	(26, 25, '저와 함께 살 멋쟁이를 구합니다.', 'images/profile/default.png', '강믿음', 0, '1', 26),
	(27, 22, '저와 함께 살 멋쟁이를 구합니다.', 'images/profile/default.png', '손나길', 0, '1', 27),
	(28, 22, '저와 함께 살 멋쟁이를 구합니다.', 'images/profile/default.png', '황보달', 0, '1', 28),
	(29, 25, '저와 함께 살 멋쟁이를 구합니다.', 'images/profile/default.png', '이나래', 0, '1', 29),
	(30, 22, '저와 함께 살 멋쟁이를 구합니다.', 'images/profile/default.png', '정한별', 0, '1', 30),
	(31, 28, '저와 함께 살 멋쟁이를 구합니다.', 'images/profile/default.png', '배빛나', 0, '0', 31),
	(32, 22, '저와 함께 살 멋쟁이를 구합니다.', 'images/profile/default.png', '최달래', 0, '1', 32),
	(33, 25, '저와 함께 살 멋쟁이를 구합니다.', 'images/profile/default.png', '안구슬', 0, '1', 33),
	(34, 22, '저와 함께 살 멋쟁이를 구합니다.', 'images/profile/default.png', '정누리', 0, '1', 34),
	(35, 28, '저와 함께 살 멋쟁이를 구합니다.', 'images/profile/default.png', '류보람', 0, '1', 35),
	(36, 25, '저와 함께 살 멋쟁이를 구합니다.', 'images/profile/default.png', '조바다', 0, '0', 36),
	(37, 22, '저와 함께 살 멋쟁이를 구합니다.', 'images/profile/default.png', '백아라', 0, '1', 37),
	(38, 30, '저와 함께 살 멋쟁이를 구합니다.', 'images/profile/default.png', '전아람', 0, '1', 38),
	(39, 25, '저와 함께 살 멋쟁이를 구합니다.', 'images/profile/default.png', '강별빛', 0, '0', 39),
	(40, 28, '저와 함께 살 멋쟁이를 구합니다.', 'images/profile/default.png', '윤보다', 0, '0', 40),
	(41, 25, '저와 함께 살 멋쟁이를 구합니다.', 'images/profile/default.png', '송새론', 0, '0', 41),
	(42, 30, '저와 함께 살 멋쟁이를 구합니다.', 'images/profile/default.png', '남궁새벽', 0, '1', 42),
	(43, 25, '저와 함께 살 멋쟁이를 구합니다.', 'images/profile/default.png', '조훈', 0, '1', 43),
	(44, 19, '저와 함께 살 멋쟁이를 구합니다.', 'images/profile/default.png', '정호', 0, '1', 44),
	(45, 22, '저와 함께 살 멋쟁이를 구합니다.', 'images/profile/default.png', '강혁', 63, '1', 45),
	(46, 22, '저와 함께 살 멋쟁이를 구합니다.', 'images/profile/default.png', '제갈웅', 0, '1', 46),
	(47, 22, '저와 함께 살 멋쟁이를 구합니다.', 'images/profile/default.png', '정혁', 0, '1', 47),
	(48, 25, '저와 함께 살 멋쟁이를 구합니다.', 'images/profile/default.png', '정훈', 0, '1', 48),
	(49, 22, '저와 함께 살 멋쟁이를 구합니다.', 'images/profile/default.png', '장호', 0, '1', 49),
	(50, 25, '저와 함께 살 멋쟁이를 구합니다.', 'images/profile/default.png', '한경택', 42, '0', 50),
	(51, 22, '저와 함께 살 멋쟁이를 구합니다.', 'images/profile/default.png', '전무열', 0, '1', 51),
	(52, 22, '저와 함께 살 멋쟁이를 구합니다.', 'images/profile/default.png', '전이수', 0, '0', 52),
	(53, 25, '저와 함께 살 멋쟁이를 구합니다.', 'images/profile/default.png', '설치원', 0, '1', 53),
	(54, 25, '저와 함께 살 멋쟁이를 구합니다.', 'images/profile/default.png', '송승헌', 0, '0', 54),
	(55, 25, '저와 함께 살 멋쟁이를 구합니다.', 'images/profile/default.png', '풍현승', 0, '1', 55),
	(56, 25, '저와 함께 살 멋쟁이를 구합니다.', 'images/profile/default.png', '임철순', 0, '0', 56),
	(57, 19, '저와 함께 살 멋쟁이를 구합니다.', 'images/profile/default.png', '문요한', 0, '1', 57),
	(58, 25, '저와 함께 살 멋쟁이를 구합니다.', 'images/profile/default.png', '고광조', 0, '1', 58),
	(59, 28, '저와 함께 살 멋쟁이를 구합니다.', 'images/profile/default.png', '사공덕수', 0, '1', 59),
	(60, 25, '저와 함께 살 멋쟁이를 구합니다.', 'images/profile/default.png', '문성한', 0, '1', 60),
	(61, 22, '저와 함께 살 멋쟁이를 구합니다.', 'images/profile/default.png', '서남규', 0, '1', 61),
	(62, 25, '저와 함께 살 멋쟁이를 구합니다.', 'images/profile/default.png', '표남규', 0, '0', 62),
	(63, 25, '저와 함께 살 멋쟁이를 구합니다.', 'images/profile/default.png', '심광조', 0, '1', 63),
	(64, 22, '저와 함께 살 멋쟁이를 구합니다.', 'images/profile/default.png', '추경택', 0, '1', 64),
	(65, 22, '저와 함께 살 멋쟁이를 구합니다.', 'images/profile/default.png', '고요한', 0, '1', 65),
	(66, 22, '저와 함께 살 멋쟁이를 구합니다.', 'images/profile/default.png', '김덕수', 0, '1', 66),
	(67, 28, '저와 함께 살 멋쟁이를 구합니다.', 'images/profile/default.png', '정애정', 63, '1', 67),
	(68, 25, '저와 함께 살 멋쟁이를 구합니다.', 'images/profile/default.png', '유지해', 0, '0', 68),
	(69, 22, '저와 함께 살 멋쟁이를 구합니다.', 'images/profile/default.png', '배장미', 0, '1', 69),
	(70, 30, '저와 함께 살 멋쟁이를 구합니다.', 'images/profile/default.png', '사공지해', 84, '1', 70),
	(71, 22, '저와 함께 살 멋쟁이를 구합니다.', 'images/profile/default.png', '허영신', 0, '1', 71),
	(72, 25, '저와 함께 살 멋쟁이를 구합니다.', 'images/profile/default.png', '최재인', 0, '1', 72),
	(78, 42, '저와 함께 살 멋쟁이를 구합니다.', 'images/profile/default.png', '봄봄', 0, '1', 281),
	(79, 24, '저와 함께 살 멋쟁이를 구합니다.', 'images/profile/default.png', '정우', 0, '0', 282),
	(90, 25, '저와 함께 살 멋쟁이를 구합니다.', 'images/profile/default.png', '라리사', 0, '1', 283),
	(91, 27, '저와 함께 살 멋쟁이를 구합니다.', 'images/profile/default.png', '김지수', 96, '1', 285),
	(92, 29, '저와 함께 살 멋쟁이를 구합니다.', 'images/profile/default.png', '김탄', 0, '0', 286),
	(93, 25, '저와 함께 살 멋쟁이를 구합니다.', 'images/profile/default.png', '한해인', 0, '1', 287),
	(96, 25, '저와 함께 살 멋쟁이를 구합니다.', 'images/profile/default.png', '박채영', 0, '1', 290),
	(97, 26, '저와 함께 살 멋쟁이를 구합니다.', 'images/profile/default.png', '김제니', 0, '1', 291),
	(98, 25, '저와 함께 살 멋쟁이를 구합니다.', 'images/profile/default.png', '한해리', 81, '1', 292),
	(99, 25, '저와 함께 살 멋쟁이를 구합니다.', 'images/profile/default.png', '새우깡', 0, '1', 293),
	(100, 23, '저와 함께 살 멋쟁이를 구합니다.', 'images/profile/default.png', '오도비', 74, '1', 294);
/*!40000 ALTER TABLE `profiles` ENABLE KEYS */;

-- 테이블 mnm.residence_infos 구조 내보내기
CREATE TABLE IF NOT EXISTS `residence_infos` (
  `id` bigint(20) NOT NULL AUTO_INCREMENT,
  `budget` int(11) DEFAULT NULL,
  `headcount` int(11) DEFAULT NULL,
  `location` varchar(255) DEFAULT NULL,
  `term_end` datetime(6) DEFAULT NULL,
  `term_start` datetime(6) DEFAULT NULL,
  `uid` bigint(20) DEFAULT NULL,
  PRIMARY KEY (`id`),
  KEY `FK6sksqnbif4l7j0sr9bblo8220` (`uid`),
  CONSTRAINT `FK6sksqnbif4l7j0sr9bblo8220` FOREIGN KEY (`uid`) REFERENCES `users` (`id`)
) ENGINE=InnoDB DEFAULT CHARSET=utf8mb4;

-- 테이블 데이터 mnm.residence_infos:~0 rows (대략적) 내보내기
/*!40000 ALTER TABLE `residence_infos` DISABLE KEYS */;
/*!40000 ALTER TABLE `residence_infos` ENABLE KEYS */;

-- 테이블 mnm.socket_sessions 구조 내보내기
CREATE TABLE IF NOT EXISTS `socket_sessions` (
  `id` varchar(255) NOT NULL,
  `cid` bigint(20) DEFAULT NULL,
  `uid` bigint(20) DEFAULT NULL,
  PRIMARY KEY (`id`),
  KEY `FKbxdyquoa29qjojbayye0kkwi4` (`cid`),
  KEY `FKtnvt8jihb6wbannrjitig1569` (`uid`),
  CONSTRAINT `FKbxdyquoa29qjojbayye0kkwi4` FOREIGN KEY (`cid`) REFERENCES `chatting_rooms` (`id`),
  CONSTRAINT `FKtnvt8jihb6wbannrjitig1569` FOREIGN KEY (`uid`) REFERENCES `users` (`id`)
) ENGINE=InnoDB DEFAULT CHARSET=utf8mb4;

-- 테이블 데이터 mnm.socket_sessions:~0 rows (대략적) 내보내기
/*!40000 ALTER TABLE `socket_sessions` DISABLE KEYS */;
/*!40000 ALTER TABLE `socket_sessions` ENABLE KEYS */;

-- 테이블 mnm.users 구조 내보내기
CREATE TABLE IF NOT EXISTS `users` (
  `id` bigint(20) NOT NULL AUTO_INCREMENT,
  `create_at` datetime(6) DEFAULT NULL,
  `email` varchar(255) DEFAULT NULL,
  `password` varchar(255) DEFAULT NULL,
  `remove_at` datetime(6) DEFAULT NULL,
  `type` bit(1) DEFAULT NULL,
  `use_matching` bit(1) DEFAULT NULL,
  PRIMARY KEY (`id`)
) ENGINE=InnoDB AUTO_INCREMENT=295 DEFAULT CHARSET=utf8mb4;

-- 테이블 데이터 mnm.users:~87 rows (대략적) 내보내기
/*!40000 ALTER TABLE `users` DISABLE KEYS */;
INSERT INTO `users` (`id`, `create_at`, `email`, `password`, `remove_at`, `type`, `use_matching`) VALUES
	(1, '2021-11-21 15:00:47.665000', '1@test.com', '{bcrypt}$2a$10$OFPEbMIj1.7XHm/AHx23GeOVPDOM3yPp1UCnDaeATazBgJYZZZAg2', NULL, b'0', b'1'),
	(2, '2021-11-21 15:38:17.020000', '98dms@naver.com', '{bcrypt}$2a$10$GK.yQ30S3sIPoGgD.ChFl.yhshBDfPV9at3IZGGDaymtDsSr5eESG', NULL, b'0', b'1'),
	(3, '2021-11-21 15:43:44.130000', 'dms@naver.com', '{bcrypt}$2a$10$h3JNUAm7GnFgdtmvT.g1W.CTpaorIQ/.5Nu6lNtAfVSmZdkIhczgm', NULL, b'0', b'1'),
	(4, '2021-11-21 16:07:36.672000', 'test@naver.com', '{bcrypt}$2a$10$AZUJnVs4nFQl56.aJqHveO4LyR.T/O2D7/v8pKoRLpbiVZbN.GFme', NULL, b'0', b'1'),
	(5, '2021-11-21 16:10:32.110000', 'test2@naver.ccom', '{bcrypt}$2a$10$Tw.j0WdJ8LKZFkWUMmRF/O83P6Vy93N42mCzLATs5G/P.wrBeZnJi', NULL, b'0', b'1'),
	(6, '2021-11-22 17:42:33.557000', 'mnmtest@gmail.com', '{bcrypt}$2a$10$yqps9G7OYi4eL4Xfw61x3.0grFljz1RFH9RlhuYGZAk7QE9E0OHB2', NULL, b'0', b'1'),
	(7, '2021-11-22 17:45:13.961000', 'mnmtest1@gmail.com', '{bcrypt}$2a$10$FEj1lBTbN/sBvX004M4Uo.PFV9Xf00HtXwUVopGpZdwjK0QhEhD72', NULL, b'0', b'1'),
	(8, '2021-11-22 17:48:57.283000', 'mnmtest8@gmail.com', '{bcrypt}$2a$10$74fRs97wDHTn20x1bbHLxOY3OZcC42Bt2bKEEfiWOc5Nh3HLqvsY2', NULL, b'0', b'1'),
	(9, '2021-11-22 17:48:57.504000', 'mnmtest9@gmail.com', '{bcrypt}$2a$10$Xd5NQDO26LLDsnLrwSNsmufwVaX5YzHRztTl77LCTLJjimXAEmsPK', NULL, b'0', b'1'),
	(10, '2021-11-22 17:48:57.641000', 'mnmtest10@gmail.com', '{bcrypt}$2a$10$sFzgBhZA/Jd0lrQ661nKrOYMVlWiVmuJaKF2keRs5DOF/ItVtYFba', NULL, b'0', b'1'),
	(11, '2021-11-22 17:48:57.773000', 'mnmtest11@gmail.com', '{bcrypt}$2a$10$yFQHrDdK0gCgC0Zae5Kkl.NTmfFj8UtHgeU/ZN0kSZqPGqfi6ZNr2', NULL, b'0', b'1'),
	(12, '2021-11-22 17:48:57.898000', 'mnmtest12@gmail.com', '{bcrypt}$2a$10$fpntGePQeZ.kApvQL7rM6.nJ.u87DXAYapr5vauW8WUZTMRJLnJD.', NULL, b'0', b'1'),
	(13, '2021-11-22 17:48:58.037000', 'mnmtest13@gmail.com', '{bcrypt}$2a$10$8KtewZVsypjFIBR6Lpj/bO0k8cFbne3/NjUbimYr.r6AhkydAd2Xm', NULL, b'0', b'1'),
	(14, '2021-11-22 17:48:58.168000', 'mnmtest14@gmail.com', '{bcrypt}$2a$10$mIZL9N/r21kudP5dxhJkX.f9GktuMGNLG1PwYFeJ3BSuI3vffruvu', NULL, b'0', b'1'),
	(15, '2021-11-22 17:48:58.297000', 'mnmtest15@gmail.com', '{bcrypt}$2a$10$tr38xyYCAkkb3WA7KzVZ8.mi.ucGR4NS8ONWQlc79rVB.7GitzCF6', NULL, b'0', b'1'),
	(16, '2021-11-22 17:48:58.429000', 'mnmtest16@gmail.com', '{bcrypt}$2a$10$iWaa261GN84JS.L1JX6BDOvWxeuHYJGGUpT8zTUDwpWIvpvmfmKA.', NULL, b'0', b'1'),
	(17, '2021-11-22 17:48:58.561000', 'mnmtest17@gmail.com', '{bcrypt}$2a$10$fZ52lR7u3Bk3/o05HY5lHuzAf4dFdOlvLapXypCqbIq70C2c3bK5i', NULL, b'0', b'1'),
	(18, '2021-11-22 17:48:58.705000', 'mnmtest18@gmail.com', '{bcrypt}$2a$10$WHVpg5oiiuqL6oEXr54QFOWAIhNSaaJ4EZxr6vP535nERsz.x0VQu', NULL, b'0', b'1'),
	(19, '2021-11-22 17:48:58.846000', 'mnmtest19@gmail.com', '{bcrypt}$2a$10$zZAzQoJ0nOZxlhSxJQcZmeBrkKmdkibf7HmznB89WhAZPd3v/V.t.', NULL, b'0', b'1'),
	(20, '2021-11-22 17:48:58.981000', 'mnmtest20@gmail.com', '{bcrypt}$2a$10$S0rt1Bk.hLNQNous1B4p2OOr6d9PYyjmEDLz4JRWQXz1IE.uzSQzC', NULL, b'0', b'1'),
	(21, '2021-11-22 17:48:59.127000', 'mnmtest21@gmail.com', '{bcrypt}$2a$10$WhG9rYjGe3CPzy9m73mLkeoE7nWKv/YjAGrWm.JdqndeAEbz6uj4y', NULL, b'0', b'1'),
	(22, '2021-11-22 17:48:59.268000', 'mnmtest22@gmail.com', '{bcrypt}$2a$10$uf.PRpNVIhdyyLTqHlHvP.mfyerv8NFUTKkaI4naFInvb87F2zcnW', NULL, b'0', b'1'),
	(23, '2021-11-22 17:48:59.390000', 'mnmtest23@gmail.com', '{bcrypt}$2a$10$tuTEwCMV8hFLGTOdtQqkduDBQ.O0B7NhFFwpw2iPIAJ1AQHxqg/U2', NULL, b'0', b'1'),
	(24, '2021-11-22 17:48:59.533000', 'mnmtest24@gmail.com', '{bcrypt}$2a$10$5pUVliU3VrsFgG9zisMxWeFwxICvastpQ/5yKlvBDXt4/adWELlWa', NULL, b'0', b'1'),
	(25, '2021-11-22 17:48:59.764000', 'mnmtest25@gmail.com', '{bcrypt}$2a$10$gXF/PKNHxsKjYhvcg35YheAy9JWtfTOobI.88HGWx4JkVVCmjWTt2', NULL, b'0', b'1'),
	(26, '2021-11-22 17:48:59.884000', 'mnmtest26@gmail.com', '{bcrypt}$2a$10$kBgSQ6FRvvxV9hYRcpRUOetVs73WNWULBOx9QBSYVv/ErL3oQN1Jy', NULL, b'0', b'1'),
	(27, '2021-11-22 17:49:00.039000', 'mnmtest27@gmail.com', '{bcrypt}$2a$10$3EYPwr/6F8LLhjkzglfbxemuQHYBlljiFl2VjYIduykU3aI/0GbAO', NULL, b'0', b'1'),
	(28, '2021-11-22 17:49:00.163000', 'mnmtest28@gmail.com', '{bcrypt}$2a$10$/GDn9TUCDuzXk0KH/noSDuKrYqFW4qMfN43HKRMNOvhauitvne6MW', NULL, b'0', b'1'),
	(29, '2021-11-22 17:49:00.294000', 'mnmtest29@gmail.com', '{bcrypt}$2a$10$PFZI4TQy6ynn9Kt18beJK.1wGM.TtPWHwlpjy2egs4sXx18J.amA6', NULL, b'0', b'1'),
	(30, '2021-11-22 17:49:00.428000', 'mnmtest30@gmail.com', '{bcrypt}$2a$10$B5x5.KaMZkT/Iyn7TkmJnO26SMnt2F5lMKkl6kR4O5AD4ivQ4USXC', NULL, b'0', b'1'),
	(31, '2021-11-22 17:49:00.573000', 'mnmtest31@gmail.com', '{bcrypt}$2a$10$KbCFBK.vDn8rTs7asL.YPeOyhqR7C/lAtYQJbLgV87b4e2KASxfxK', NULL, b'0', b'1'),
	(32, '2021-11-22 17:49:00.735000', 'mnmtest32@gmail.com', '{bcrypt}$2a$10$9/6xPsAxpkX35.oC3TU.H.2QLgf5GL8tRd2PPC2tyqUX2tP.13s2O', NULL, b'0', b'1'),
	(33, '2021-11-22 17:49:00.861000', 'mnmtest33@gmail.com', '{bcrypt}$2a$10$afQe4ftFZFjABJXGwVbNSuK1b59SyZ3Ir10U4I2Tl1Bf72GxtAdsK', NULL, b'0', b'1'),
	(34, '2021-11-22 17:49:00.986000', 'mnmtest34@gmail.com', '{bcrypt}$2a$10$XlMEwurfkdUhraKePQzpMefsl1XXmAgDUej7aO/wG9UJksIiBI1xK', NULL, b'0', b'1'),
	(35, '2021-11-22 17:49:01.118000', 'mnmtest35@gmail.com', '{bcrypt}$2a$10$Ll6gjhG1wJyrBku8ZwVxHOsilY6wFzB6/IoL.awXFReyeqhluPRVa', NULL, b'0', b'1'),
	(36, '2021-11-22 17:49:01.306000', 'mnmtest36@gmail.com', '{bcrypt}$2a$10$AOqDSY8xJQjcqqGoh9McBu9nNABcQ1phsGEGclJfOXh92TvSAfLAy', NULL, b'0', b'1'),
	(37, '2021-11-22 17:49:02.165000', 'mnmtest37@gmail.com', '{bcrypt}$2a$10$QMwMd4OEo8LcV9xRwnn1heCBiuaflG2IVIFSyd/lddnOjyoE0Ehtm', NULL, b'0', b'1'),
	(38, '2021-11-22 17:49:02.485000', 'mnmtest38@gmail.com', '{bcrypt}$2a$10$d0rxnr9ISaFfaqAg8VhtAOjJVPQx.d.czMpdiks9dDvd6oH2vnx76', NULL, b'0', b'1'),
	(39, '2021-11-22 17:49:03.104000', 'mnmtest39@gmail.com', '{bcrypt}$2a$10$va5.NNad5P.LV442t5eZ8OlkkK2qEfLBx6o2ijLrG4pGx9kKnj7xq', NULL, b'0', b'1'),
	(40, '2021-11-22 17:49:03.370000', 'mnmtest40@gmail.com', '{bcrypt}$2a$10$HFM1CcBe/nF5duFIiMow8OhZEusIBYTuaogabz0cmRuEXGOMULgr.', NULL, b'0', b'1'),
	(41, '2021-11-22 17:49:03.603000', 'mnmtest41@gmail.com', '{bcrypt}$2a$10$XY1urEK9fLP2wqhsn1nFVOkNAM7Gktk/wI9RGi1WhqOG1t4zfo7Me', NULL, b'0', b'1'),
	(42, '2021-11-22 17:49:03.812000', 'mnmtest42@gmail.com', '{bcrypt}$2a$10$1TGqbnr7FwSv0Cpte3RnluQlCJehV/rkIzySl3giTHz3hP2zSmV7C', NULL, b'0', b'1'),
	(43, '2021-11-22 17:49:03.942000', 'mnmtest43@gmail.com', '{bcrypt}$2a$10$KPUo7EFFyx5kmz77ekeawOAA8Szyt0Z2EkNJbu4neqt8Qc.gKgfsS', NULL, b'0', b'1'),
	(44, '2021-11-22 17:49:04.069000', 'mnmtest44@gmail.com', '{bcrypt}$2a$10$l2jctXGBCQKsTujKlJVaA.kxEPhyTuZtngsea3H2lWgYQecAyI186', NULL, b'0', b'1'),
	(45, '2021-11-22 17:49:04.220000', 'mnmtest45@gmail.com', '{bcrypt}$2a$10$n89qTE1L2csF3QjV.H3oCe.hEWzHkyfXYjF118Ycv7o/OCzvQlEe.', NULL, b'0', b'1'),
	(46, '2021-11-22 17:49:04.345000', 'mnmtest46@gmail.com', '{bcrypt}$2a$10$PuWEh2hQKBM7c6tDMcoox.8R24L2aK8aXYGgrb1LLKAi5PGv3p6zC', NULL, b'0', b'1'),
	(47, '2021-11-22 17:49:04.485000', 'mnmtest47@gmail.com', '{bcrypt}$2a$10$i2gtppmJ/SvuoZlktTwtcOnzPqZ/wJ8kU4yQT4l4YQ9lfJsen76py', NULL, b'0', b'1'),
	(48, '2021-11-22 17:49:04.628000', 'mnmtest48@gmail.com', '{bcrypt}$2a$10$Ym7BlJ5IIVkZC0Bck.0dUuJKRPAdVpS.EvHymBbXZi7sOYjVa8.Cu', NULL, b'0', b'1'),
	(49, '2021-11-22 17:49:04.808000', 'mnmtest49@gmail.com', '{bcrypt}$2a$10$NIocHX8oq0Z98oGqdyu3IeuhKRIm8y.9/CWxbZuFQz6isrvKv14O2', NULL, b'0', b'1'),
	(50, '2021-11-22 17:49:04.943000', 'mnmtest50@gmail.com', '{bcrypt}$2a$10$hcjVF5aAzN4axnkIWsusOegLDR.yYWKs7MU1fUCAZTNOSMFGZ8yFi', NULL, b'0', b'1'),
	(51, '2021-11-22 17:49:05.076000', 'mnmtest51@gmail.com', '{bcrypt}$2a$10$987zhotQO5txGG7YNYaeZuOp71vgvBPs3/60Nq7R/Nlxc8xPa7V1u', NULL, b'0', b'1'),
	(52, '2021-11-22 17:49:05.225000', 'mnmtest52@gmail.com', '{bcrypt}$2a$10$PPz27OvbXWoA2N0d5chREe0uUejferIh8POK4TGZexiJHWDT4yQv.', NULL, b'0', b'1'),
	(53, '2021-11-22 17:49:05.360000', 'mnmtest53@gmail.com', '{bcrypt}$2a$10$1ilRbmxhwCLMs8VKAMPxUeveOnH6BUm7WvfnOltb/xBRFMs7ZKchu', NULL, b'0', b'1'),
	(54, '2021-11-22 17:49:05.485000', 'mnmtest54@gmail.com', '{bcrypt}$2a$10$j6Qsdxdxy1.3vnEk/Wx9uuxWToDMERo8jKIcehmshou9DOBRLxFTq', NULL, b'0', b'1'),
	(55, '2021-11-22 17:49:05.651000', 'mnmtest55@gmail.com', '{bcrypt}$2a$10$YFZdCID01ht7yG8546H/2u/dxRST2viXBJUBOfUNuHQ66GT6H0Qdq', NULL, b'0', b'1'),
	(56, '2021-11-22 17:49:05.778000', 'mnmtest56@gmail.com', '{bcrypt}$2a$10$G7CxZ/89nurqjtiSzYzSQOS6jlOEylOiutfY9RME91f1a4cNOG6rS', NULL, b'0', b'1'),
	(57, '2021-11-22 17:49:05.910000', 'mnmtest57@gmail.com', '{bcrypt}$2a$10$cc5ml8buLpqkale0rWATmumHxIxF/mxbSU1NdsjlvNFocAk0rVoIS', NULL, b'0', b'1'),
	(58, '2021-11-22 17:49:06.054000', 'mnmtest58@gmail.com', '{bcrypt}$2a$10$.6NQkpV9apd6AM7F6cpUrOGt9WF3dQFdaMbk77mpEFE3yWksKmOnu', NULL, b'0', b'1'),
	(59, '2021-11-22 17:49:06.184000', 'mnmtest59@gmail.com', '{bcrypt}$2a$10$02/fL6mMkalT0G5POQh3S.1sEbYJZcoqTTeF4IvpUviG3wtnyjpGS', NULL, b'0', b'1'),
	(60, '2021-11-22 17:49:06.305000', 'mnmtest60@gmail.com', '{bcrypt}$2a$10$ISJe0aYdd2MOABHAiK93LuYoXb/6o8/MnzA7sQFe7n/PQQhXOUrLq', NULL, b'0', b'1'),
	(61, '2021-11-22 17:49:06.513000', 'mnmtest61@gmail.com', '{bcrypt}$2a$10$AgVBti0wSGXuZhP1.71Ep.0mt3KL9X9E7EtrIocPE9b34TcEGR6NO', NULL, b'0', b'1'),
	(62, '2021-11-22 17:49:06.653000', 'mnmtest62@gmail.com', '{bcrypt}$2a$10$XUAxGAjfoIqag93g5paH.uIrtmIvuEcqI8kJECsR4XHIaM.Ox9NVy', NULL, b'0', b'1'),
	(63, '2021-11-22 17:49:06.783000', 'mnmtest63@gmail.com', '{bcrypt}$2a$10$vLzYOSyYPY/ZXZc6EjkLHuR882lk/BwgDRQqSUzRgoinjoB.lkv1.', NULL, b'0', b'1'),
	(64, '2021-11-22 17:49:06.912000', 'mnmtest64@gmail.com', '{bcrypt}$2a$10$pvZIy9GrT3GlQvhAdri8GegzDGroejzgzFOXKKLB2ecy6IRUuArrW', NULL, b'0', b'1'),
	(65, '2021-11-22 17:49:07.035000', 'mnmtest65@gmail.com', '{bcrypt}$2a$10$ClBseoI6PHfjI3zrCaTFlO8KK7jORlB.BrozSJnQLu7bkPrHnrbe2', NULL, b'0', b'1'),
	(66, '2021-11-22 17:49:07.169000', 'mnmtest66@gmail.com', '{bcrypt}$2a$10$3DkOS3/S.uCyC0n9DGGcLepNmBOtjiO6EsQZJMgG1H0fl2df49Krm', NULL, b'0', b'1'),
	(67, '2021-11-22 17:49:07.303000', 'mnmtest67@gmail.com', '{bcrypt}$2a$10$IXgJ1L3xvv8yrZU5Q.z3oOMtCKIxhHvFSL5HF4iXbccPPi6ITWa0K', NULL, b'0', b'1'),
	(68, '2021-11-22 17:49:07.453000', 'mnmtest68@gmail.com', '{bcrypt}$2a$10$FR7UVhICkgtxwCMGDn6l1.qUiif19iHVkvS9F1ZlGdth42bCAvqzS', NULL, b'0', b'1'),
	(69, '2021-11-22 17:49:07.577000', 'mnmtest69@gmail.com', '{bcrypt}$2a$10$hKHUTxtwGPLfL5CHDknP3OQI0dKEjzzJj7Si8pJE56/c5PNKMMfKe', NULL, b'0', b'1'),
	(70, '2021-11-22 17:49:07.712000', 'mnmtest70@gmail.com', '{bcrypt}$2a$10$40OBSoEF1vcJudSLEHjikuMKEva5R4NZpV6RfXfKPcG.8vRYmdLGy', NULL, b'0', b'1'),
	(71, '2021-11-22 17:49:07.841000', 'mnmtest71@gmail.com', '{bcrypt}$2a$10$p0rj4mRlD3xM9L3GtqfZf.vYJYo2/yaT.hISWguCuY0H5CGnJh1U2', NULL, b'0', b'1'),
	(72, '2021-11-22 17:49:07.980000', 'mnmtest72@gmail.com', '{bcrypt}$2a$10$XVbxtHv60t3AEBrK.Ai7AeMgDoCGddSm2gE/jgauytZH21p.CuNoq', NULL, b'0', b'1'),
	(274, '2021-11-23 18:57:43.092000', 'sibal@naver.com', '{bcrypt}$2a$10$7p6hS/UK6y1h0OmJ61TRUu9OGB9eUCQnwaaHCJxTLm4u3v/TZYxVy', NULL, b'0', b'1'),
	(275, '2021-11-23 20:52:14.646000', 'sibal2@naver.com', '{bcrypt}$2a$10$3hzK9QxzXPDAfa0nfs0d6u5Gk6DhJnO684YBK7ZOT.otmgVO95UWq', NULL, b'0', b'1'),
	(276, '2021-11-24 09:53:49.597000', 'test4@naver.com', '{bcrypt}$2a$10$gCGnTcN7sbUgCXNsJRSC5O3Zd5WeqJyhfC..2Cpr4pMvUaIUd4i2O', NULL, b'0', b'1'),
	(277, '2021-11-24 10:05:49.387000', 'test5@naver.com', '{bcrypt}$2a$10$YGnC2LUrMXIt042OoGeqVOUXTZOJm8shW62gVPmp3SGQtmpqDUXRK', NULL, b'0', b'1'),
	(278, '2021-11-24 10:22:18.073000', 'test6@naver.com', '{bcrypt}$2a$10$j/F6Xpsb47/ny3pIkvoAtuSGBl0vVBfC5cCS5yNZLoSrjTDTOYx62', NULL, b'0', b'1'),
	(279, '2021-11-24 10:28:30.239000', 'test7@naver.com', '{bcrypt}$2a$10$yc/32uWegwbrtK/.w3zACOVhT1wAoBiFQ8qTi32JVovTKcVTgB55m', NULL, b'0', b'1'),
	(280, '2021-11-24 10:31:00.683000', 't@naver.com', '{bcrypt}$2a$10$I4K57RuzpXs1JjH760XGZOxs233MaUxZ6b0eaVhK8vnYaRK2tcDR.', NULL, b'0', b'1'),
	(281, '2021-11-24 10:41:24.528000', 't2@naver.com', '{bcrypt}$2a$10$U4/XZYLuVTMQ6cb8HrtpA.STW9bxAUH5bOfRcBnypkLxWCNGp/aPa', NULL, b'0', b'1'),
	(282, '2021-11-24 20:03:04.225000', 't3@naver.com', '{bcrypt}$2a$10$YMQ7Aiqc862FEgddwKtMGuZF0kFu8luBJTxug10CuOxdcMkx7GEXO', NULL, b'0', b'1'),
	(283, '2021-11-24 20:08:06.089000', 'hoho@naver.com', '{bcrypt}$2a$10$hJhsur6sRDpI5MDgHCtCd.0pNqGRCNHYU/whw4tObu5w26eTAP7ua', NULL, b'0', b'1'),
	(285, '2021-11-25 02:49:24.001000', 'jisoo@gmail.com', '{bcrypt}$2a$10$rXMOyTMjrncFThafUQ0NAOc35Ftor/hItKfkZCdNgipLbAiWfXorW', NULL, b'0', b'1'),
	(286, '2021-11-26 05:49:48.661000', '0909@naver.com', '{bcrypt}$2a$10$l43esRa1ofvqyqlzOGyAFOhE9X56Mfdhh7lTwwdgmZLzH.jQqCY.O', NULL, b'0', b'1'),
	(287, '2021-11-26 05:57:28.539000', '8888@naver.com', '{bcrypt}$2a$10$T/Eer8MMPPTYLJaQheTZF.9wuA9dG4eWtYaRVpj39/LrLjuQMVcoi', NULL, b'0', b'1'),
	(290, '2021-11-26 13:04:28.064000', 'rose@gmail.com', '{bcrypt}$2a$10$cke5ld6CbN/KyJJGCbR4v.z9Tp0FJcxLyRyXqY02joX2o.Ib9PJcy', NULL, b'0', b'1'),
	(291, '2021-11-26 13:12:07.919000', 'jennie@gmail.com', '{bcrypt}$2a$10$eAm1xJfJtHFDtNo0TMFhGu2EUVfbSWkjbPivzQMrIwhF6uWajHZ72', NULL, b'0', b'1'),
	(292, '2021-11-26 13:32:33.750000', 'haeri3933@gmail.com', '{bcrypt}$2a$10$.AxPgFOV9nfWAoTMf0TmSesf0mnsCmCoGHikcgKhTzLcgu2DJ/LGu', NULL, b'0', b'1'),
	(293, '2021-11-26 13:43:19.114000', 'ririhan@gmail.com', '{bcrypt}$2a$10$UplQmOYSxoSPrt7m6aMXPOTpt6gMzhBQCiJrohuYVMdOf7Q.ok7Ym', NULL, b'0', b'1'),
	(294, '2021-11-26 13:45:44.565000', 'dobby@gmail.com', '{bcrypt}$2a$10$B7wbjjnN0Jur12NwabPoyuuwLCVyYyWorw4brlmZZrFq8gWIgawnC', NULL, b'0', b'1');
/*!40000 ALTER TABLE `users` ENABLE KEYS */;

-- 테이블 mnm.user_chatting 구조 내보내기
CREATE TABLE IF NOT EXISTS `user_chatting` (
  `id` bigint(20) NOT NULL AUTO_INCREMENT,
  `last_access_at` datetime(6) DEFAULT NULL,
  `cid` bigint(20) DEFAULT NULL,
  `uid` bigint(20) DEFAULT NULL,
  PRIMARY KEY (`id`),
  KEY `FKknxg9i3rf0okevyfo208n5c1k` (`uid`),
  KEY `FKrqgfdluo6eyq5wc0xe5nnfp1j` (`cid`),
  CONSTRAINT `FKknxg9i3rf0okevyfo208n5c1k` FOREIGN KEY (`uid`) REFERENCES `users` (`id`),
  CONSTRAINT `FKrqgfdluo6eyq5wc0xe5nnfp1j` FOREIGN KEY (`cid`) REFERENCES `chatting_rooms` (`id`)
) ENGINE=InnoDB AUTO_INCREMENT=109 DEFAULT CHARSET=utf8mb4;

-- 테이블 데이터 mnm.user_chatting:~32 rows (대략적) 내보내기
/*!40000 ALTER TABLE `user_chatting` DISABLE KEYS */;
INSERT INTO `user_chatting` (`id`, `last_access_at`, `cid`, `uid`) VALUES
	(1, '2021-11-21 15:01:21.399000', 1, 1),
	(2, '2021-11-21 15:01:21.399000', 2, 2),
	(3, '2021-11-21 15:01:21.399000', 3, 2),
	(4, '2021-11-22 09:51:12.943000', 4, 1),
	(5, '2021-11-21 17:22:52.753000', 4, 2),
	(6, '2021-11-25 01:52:22.273000', 5, 4),
	(7, '2021-11-24 11:21:49.000000', 5, 1),
	(45, '2021-11-25 02:14:34.695000', 35, 4),
	(46, NULL, 35, 56),
	(47, '2021-11-25 02:25:58.721000', 36, 4),
	(48, NULL, 36, 36),
	(49, '2021-11-25 02:29:57.474000', 37, 4),
	(50, NULL, 37, 57),
	(51, '2021-11-25 02:30:09.252000', 38, 4),
	(52, NULL, 38, 43),
	(53, '2021-11-25 02:41:44.528000', 39, 4),
	(54, '2021-11-25 02:59:09.141000', 39, 20),
	(55, '2021-11-26 05:05:40.822000', 40, 285),
	(56, '2021-11-25 23:14:06.101000', 40, 67),
	(57, '2021-11-26 04:26:41.023000', 41, 285),
	(58, '2021-11-25 20:53:03.831000', 41, 50),
	(59, '2021-11-26 05:05:40.840000', 42, 285),
	(60, '2021-11-26 04:47:03.350000', 42, 45),
	(89, '2021-11-25 23:41:35.411000', 57, 67),
	(90, NULL, 57, 53),
	(93, '2021-11-26 12:47:38.799000', 59, 285),
	(94, '2021-11-26 04:37:00.817000', 59, 70),
	(99, '2021-11-26 13:08:02.178000', 62, 290),
	(100, NULL, 62, 287),
	(103, '2021-11-26 13:22:21.286000', 64, 291),
	(104, NULL, 64, 285),
	(105, '2021-11-26 13:35:23.063000', 65, 292),
	(106, NULL, 65, 26),
	(107, '2021-11-26 14:22:15.072000', 66, 294),
	(108, '2021-11-26 14:24:28.091000', 66, 292);
/*!40000 ALTER TABLE `user_chatting` ENABLE KEYS */;

-- 테이블 mnm.user_house 구조 내보내기
CREATE TABLE IF NOT EXISTS `user_house` (
  `id` bigint(20) NOT NULL AUTO_INCREMENT,
  `exit_at` datetime(6) DEFAULT NULL,
  `is_eliminated` bit(1) DEFAULT NULL,
  `join_at` datetime(6) DEFAULT NULL,
  `last_access_at` datetime(6) DEFAULT NULL,
  `hid` bigint(20) DEFAULT NULL,
  `uid` bigint(20) DEFAULT NULL,
  PRIMARY KEY (`id`),
  KEY `FKfxeid331sp07dw5ohggxp9lvi` (`hid`),
  KEY `FK95twcwxwql8oft87xnff6cboe` (`uid`),
  CONSTRAINT `FK95twcwxwql8oft87xnff6cboe` FOREIGN KEY (`uid`) REFERENCES `users` (`id`),
  CONSTRAINT `FKfxeid331sp07dw5ohggxp9lvi` FOREIGN KEY (`hid`) REFERENCES `house` (`id`)
) ENGINE=InnoDB AUTO_INCREMENT=38 DEFAULT CHARSET=utf8mb4;

-- 테이블 데이터 mnm.user_house:~24 rows (대략적) 내보내기
/*!40000 ALTER TABLE `user_house` DISABLE KEYS */;
INSERT INTO `user_house` (`id`, `exit_at`, `is_eliminated`, `join_at`, `last_access_at`, `hid`, `uid`) VALUES
	(1, '2021-11-23 18:18:38.000000', b'0', '2021-11-23 18:18:44.000000', '2021-11-23 18:18:47.000000', 1, 1),
	(2, '2021-11-23 18:18:42.000000', b'0', '2021-11-23 18:18:46.000000', '2021-11-23 18:18:48.000000', 2, 4),
	(3, '2021-11-24 16:29:21.000000', b'0', '2021-11-24 16:29:12.000000', '2021-11-24 16:29:09.000000', 1, 2),
	(4, '2021-11-24 16:29:23.000000', b'0', '2021-11-24 16:29:14.000000', '2021-11-24 16:29:11.000000', 1, 3),
	(5, '2021-11-24 20:38:47.000000', b'0', '2021-11-24 20:38:43.000000', '2021-11-24 20:38:41.000000', 2, 1),
	(6, '2021-11-24 20:39:05.000000', b'0', '2021-11-24 20:39:09.000000', '2021-11-24 20:39:11.000000', 3, 1),
	(7, '2021-11-25 14:06:42.000000', b'0', '2021-11-25 14:06:33.000000', '2021-11-25 14:06:29.000000', 3, 3),
	(12, NULL, b'0', '2021-11-25 15:33:09.788000', '2021-11-25 15:33:09.780000', 6, 285),
	(13, '2021-11-26 04:48:16.976000', b'0', '2021-11-25 15:33:09.812000', '2021-11-25 15:33:09.808000', 6, 45),
	(22, '2021-11-26 04:49:11.495000', b'0', '2021-11-25 20:40:45.078000', '2021-11-25 20:40:45.072000', 11, 285),
	(23, NULL, b'0', '2021-11-25 20:40:45.098000', '2021-11-25 20:40:45.093000', 11, 50),
	(24, '2021-11-26 04:06:45.575000', b'0', '2021-11-25 20:46:47.772000', '2021-11-25 20:46:47.769000', 12, 285),
	(25, NULL, b'0', '2021-11-25 20:46:47.790000', '2021-11-25 20:46:47.787000', 12, 50),
	(26, NULL, b'0', '2021-11-25 22:48:20.748000', '2021-11-25 22:48:20.739000', 13, 285),
	(27, NULL, b'0', '2021-11-25 22:48:20.779000', '2021-11-25 22:48:20.773000', 13, 67),
	(28, '2021-11-26 04:42:37.476000', b'0', '2021-11-26 04:34:48.901000', '2021-11-26 04:34:48.891000', 14, 285),
	(29, '2021-11-26 04:43:07.144000', b'0', '2021-11-26 04:34:48.939000', '2021-11-26 04:34:48.926000', 14, 70),
	(30, '2021-11-26 04:48:33.975000', b'0', '2021-11-26 04:46:09.996000', '2021-11-26 04:46:09.989000', 15, 285),
	(31, '2021-11-26 04:47:47.492000', b'0', '2021-11-26 04:46:10.023000', '2021-11-26 04:46:10.018000', 15, 45),
	(32, '2021-11-26 13:59:35.554000', b'0', '2021-11-26 13:53:41.903000', '2021-11-26 13:53:41.895000', 16, 294),
	(33, '2021-11-26 13:58:38.152000', b'0', '2021-11-26 13:53:41.935000', '2021-11-26 13:53:41.928000', 16, 292),
	(34, '2021-11-26 14:12:36.449000', b'0', '2021-11-26 14:07:28.977000', '2021-11-26 14:07:28.971000', 17, 294),
	(35, '2021-11-26 14:12:06.117000', b'0', '2021-11-26 14:07:29.008000', '2021-11-26 14:07:29.003000', 17, 292),
	(36, '2021-11-26 14:27:11.527000', b'0', '2021-11-26 14:22:08.293000', '2021-11-26 14:22:08.288000', 18, 294),
	(37, '2021-11-26 14:26:32.184000', b'0', '2021-11-26 14:22:08.330000', '2021-11-26 14:22:08.322000', 18, 292);
/*!40000 ALTER TABLE `user_house` ENABLE KEYS */;

-- 테이블 mnm.user_roles 구조 내보내기
CREATE TABLE IF NOT EXISTS `user_roles` (
  `user_id` bigint(20) NOT NULL,
  `roles` varchar(255) DEFAULT NULL,
  KEY `FKhfh9dx7w3ubf1co1vdev94g3f` (`user_id`),
  CONSTRAINT `FKhfh9dx7w3ubf1co1vdev94g3f` FOREIGN KEY (`user_id`) REFERENCES `users` (`id`)
) ENGINE=InnoDB DEFAULT CHARSET=latin1;

-- 테이블 데이터 mnm.user_roles:~89 rows (대략적) 내보내기
/*!40000 ALTER TABLE `user_roles` DISABLE KEYS */;
INSERT INTO `user_roles` (`user_id`, `roles`) VALUES
	(1, 'ROLE_USER'),
	(2, 'ROLE_USER'),
	(1, 'ROLE_USER'),
	(2, 'ROLE_USER'),
	(3, 'ROLE_USER'),
	(4, 'ROLE_USER'),
	(5, 'ROLE_USER'),
	(6, 'ROLE_USER'),
	(7, 'ROLE_USER'),
	(8, 'ROLE_USER'),
	(9, 'ROLE_USER'),
	(10, 'ROLE_USER'),
	(11, 'ROLE_USER'),
	(12, 'ROLE_USER'),
	(13, 'ROLE_USER'),
	(14, 'ROLE_USER'),
	(15, 'ROLE_USER'),
	(16, 'ROLE_USER'),
	(17, 'ROLE_USER'),
	(18, 'ROLE_USER'),
	(19, 'ROLE_USER'),
	(20, 'ROLE_USER'),
	(21, 'ROLE_USER'),
	(22, 'ROLE_USER'),
	(23, 'ROLE_USER'),
	(24, 'ROLE_USER'),
	(25, 'ROLE_USER'),
	(26, 'ROLE_USER'),
	(27, 'ROLE_USER'),
	(28, 'ROLE_USER'),
	(29, 'ROLE_USER'),
	(30, 'ROLE_USER'),
	(31, 'ROLE_USER'),
	(32, 'ROLE_USER'),
	(33, 'ROLE_USER'),
	(34, 'ROLE_USER'),
	(35, 'ROLE_USER'),
	(36, 'ROLE_USER'),
	(37, 'ROLE_USER'),
	(38, 'ROLE_USER'),
	(39, 'ROLE_USER'),
	(40, 'ROLE_USER'),
	(41, 'ROLE_USER'),
	(42, 'ROLE_USER'),
	(43, 'ROLE_USER'),
	(44, 'ROLE_USER'),
	(45, 'ROLE_USER'),
	(46, 'ROLE_USER'),
	(47, 'ROLE_USER'),
	(48, 'ROLE_USER'),
	(49, 'ROLE_USER'),
	(50, 'ROLE_USER'),
	(51, 'ROLE_USER'),
	(52, 'ROLE_USER'),
	(53, 'ROLE_USER'),
	(54, 'ROLE_USER'),
	(55, 'ROLE_USER'),
	(56, 'ROLE_USER'),
	(57, 'ROLE_USER'),
	(58, 'ROLE_USER'),
	(59, 'ROLE_USER'),
	(60, 'ROLE_USER'),
	(61, 'ROLE_USER'),
	(62, 'ROLE_USER'),
	(63, 'ROLE_USER'),
	(64, 'ROLE_USER'),
	(65, 'ROLE_USER'),
	(66, 'ROLE_USER'),
	(67, 'ROLE_USER'),
	(68, 'ROLE_USER'),
	(69, 'ROLE_USER'),
	(70, 'ROLE_USER'),
	(71, 'ROLE_USER'),
	(72, 'ROLE_USER'),
	(274, 'ROLE_USER'),
	(275, 'ROLE_USER'),
	(277, 'ROLE_USER'),
	(278, 'ROLE_USER'),
	(279, 'ROLE_USER'),
	(280, 'ROLE_USER'),
	(281, 'ROLE_USER'),
	(282, 'ROLE_USER'),
	(283, 'ROLE_USER'),
	(285, 'ROLE_USER'),
	(286, 'ROLE_USER'),
	(287, 'ROLE_USER'),
	(290, 'ROLE_USER'),
	(291, 'ROLE_USER'),
	(292, 'ROLE_USER'),
	(293, 'ROLE_USER'),
	(294, 'ROLE_USER');
/*!40000 ALTER TABLE `user_roles` ENABLE KEYS */;

/*!40101 SET SQL_MODE=IFNULL(@OLD_SQL_MODE, '') */;
/*!40014 SET FOREIGN_KEY_CHECKS=IF(@OLD_FOREIGN_KEY_CHECKS IS NULL, 1, @OLD_FOREIGN_KEY_CHECKS) */;
/*!40101 SET CHARACTER_SET_CLIENT=@OLD_CHARACTER_SET_CLIENT */;
